,年份,颱風編號,颱風名稱,侵臺路徑分類,警報期間,近臺強度,近臺最低氣壓(hPa),近臺最大風速(m/s),近臺7級風暴風半徑(km),近臺10級風暴風半徑(km),警報發布報數
,2019,201905,丹娜絲,---,2019/7/16 23:30,,---,---,---,---,---
,,,(DANAS),,2019/7/18 17:30,,,,,,
,2018,201822,山竹,---,2018/9/14 11:30,強烈,895,60,320,120,12
,,,(MANGKHUT),,2018/9/15 20:30,,,,,,
,2018,201808,瑪莉亞,---,2018/7/9 14:30,強烈,915,55,280,100,17
,,,(MARIA),,2018/7/11 14:30,,,,,,
,2017,201718,泰利,---,2017/9/12 14:30,中度,935,48,250,80,19
,,,(TALIM),,2017/9/14 20:30,,,,,,
,2017,201717,谷超,---,2017/9/6 10:30,輕度,998,18,80,---,7
,,,(GUCHOL),,2017/9/7 02:30,,,,,,
,2017,201713,天鴿,---,2017/8/20 23:30,中度,965,33,180,50,15
,,,(HATO),,2017/8/22 17:30,,,,,,
,2017,201710,海棠,7,2017/7/29 17:30,輕度,990,20,100,---,14
,,,(HAITANG),,2017/7/31 08:30,,,,,,
,2017,201709,尼莎,2,2017/7/28 08:30,中度,955,40,180,60,19
,,,(NESAT),,2017/7/30 14:30,,,,,,
,2016,201619,艾利,---,2016/10/5 11:30,輕度,998,18,120,---,10
,,,(AERE),,2016/10/6 14:30,,,,,,
,2016,201617,梅姬,3,2016/9/25 23:30,中度,940,45,250,100,23
,,,(MEGI),,2016/9/28 17:30,,,,,,
,2016,201616,馬勒卡,---,2016/9/15 23:30,中度,940,45,180,60,20
,,,(MALAKAS),,2016/9/18 08:30,,,,,,
,2016,201614,莫蘭蒂,7,2016/9/12 23:30,強烈,900,60,220,80,21
,,,(MERANTI),,2016/9/15 11:30,,,,,,
,2016,201601,尼伯特,4,2016/7/6 14:30,強烈,905,58,200,80,25
,,,(NEPARTAK),,2016/7/9 14:30,,,,,,
,2015,201521,杜鵑,2,2015/9/27 08:30,強烈,925,51,220,80,20
,,,(DUJUAN),,2015/9/29 17:30,,,,,,
,2015,201515,天鵝,---,2015/8/20 17:30,強烈,925,51,200,80,26
,,,(GONI),,2015/8/23 20:30,,,,,,
,2015,201513,蘇迪勒,3,2015/8/6 11:30,中度,930,48,300,100,24
,,,(SOUDELOR),,2015/8/9 08:30,,,,,,
,2015,201510,蓮花,---,2015/7/6 08:30,輕度,975,30,120,30,24
,,,(LINFA),,2015/7/9 05:30,,,,,,
,2015,201509,昌鴻,---,2015/7/9 05:30,中度,935,48,280,100,19
,,,(CHAN-HOM),,2015/7/11 11:30,,,,,,
,2015,201506,紅霞,---,2015/5/10 08:30,強烈,925,51,200,80,13
,,,(NOUL),,2015/5/11 20:30,,,,,,
,2014,201416,鳳凰,特殊,2014/9/19 08:30,輕度,985,25,150,---,25
,,,(FUNG-WONG),,2014/9/22 08:30,,,,,,
,2014,201410,麥德姆,3,2014/7/21 17:30,中度,960,38,200,80,19
,,,(MATMO),,2014/7/23 23:30,,,,,,
,2014,201407,哈吉貝,---,2014/6/14 23:30,輕度,992,20,100,---,7
,,,(HAGIBIS),,2014/6/15 17:30,,,,,,
,2013,201323,菲特,1,2013/10/4 23:30,中度,960,38,250,80,20
,,,(FITOW),,2013/10/7 08:30,,,,,,
,2013,201319,天兔,5,2013/9/19 23:30,強烈,910,55,280,120,22
,,,(USAGI),,2013/9/22 14:30,,,,,,
,2013,201315,康芮,6,2013/8/27 11:30,輕度,985,25,120,0,20
,,,(KONG-REY),,2013/8/29 20:30,,,,,,
,2013,201315,康芮,6,2013/8/27 11:30,輕度,985,25,120,---,---
,,,(KONG-REY),,2013/8/29 20:30,,,,,,
,2013,201312,潭美?,1,2013/8/20 11:30,輕度,970,30,180,---,16
,,,(TRAMI ),,2013/8/22 08:30,,,,,,
,2013,201312,潭美?,1,2013/8/20 11:30,輕度,970,30,180,50,16
,,,(TRAMI ),,2013/8/22 08:30,,,,,,
,2013,201308,西馬隆?,---,2013/7/17 10:30,輕度,998,18,100,---,10
,,,(CIMARON),,2013/7/18 11:30,,,,,,
,2013,201307,蘇力,2,2013/7/11 08:30,強烈,925,51,280,100,22
,,,(SOULIK ),,2013/7/13 23:30,,,,,,
,2013,201307,蘇力,2,2013/7/11 08:30,強烈,925,51,280,100,---
,,,(SOULIK ),,2013/7/13 23:30,,,,,,
,2012,201217,杰拉華,---,2012/9/27 02:30,強烈,910,55,250,100,15
,,,(JELAWAT),,2012/9/28 20:30,,,,,,
,2012,201214,天秤,特殊,2012/8/21 14:30,中度,945,45,180,50,33
,,,(TEMBIN),,2012/8/25 14:30,,,,,,
,2012,201214,天秤,特殊,2012/8/26 11:30,中度,945,35,180,50,21
,,,(TEMBIN),,2012/8/28 23:30,,,,,,
,2012,201213,啟德,---,2012/8/14 14:30,輕度,995,20,150,---,10
,,,(KAI-TAK),,2012/8/15 17:30,,,,,,
,2012,201211,海葵,---,2012/8/6 11:30,中度,960,35,180,50,11
,,,(HAIKUI),,2012/8/7 17:30,,,,,,
,2012,201209,蘇拉,2,2012/7/30 20:30,中度,960,38,220,80,31
,,,(SAOLA),,2012/8/3 14:30,,,,,,
,2012,201206,杜蘇芮,---,2012/6/28 05:30,輕度,995,23,120,---,10
,,,(DOKSURI),,2012/6/29 08:30,,,,,,
,2012,201205,泰利,9,2012/6/19 05:30,輕度,985,25,150,---,17
,,,(TALIM),,2012/6/21 05:30,,,,,,
,2011,201111,南瑪都,4,2011/8/27 05:30,強烈,920,53,180,50,34
,,,(NANMADOL ),,2011/8/31 08:30,,,,,,
,2011,201109,梅花,---,2011/8/4 17:30,中度,928,43,280,100,15
,,,(MUIFA),,2011/8/6 11:30,,,,,,
,2011,201105,米雷,---,2011/6/23 23:30,輕度,982,28,200,---,14
,,,(MEARI),,2011/6/25 14:30,,,,,,
,2011,201102,桑達,---,2011/5/27 02:30,強烈,920,55,200,100,13
,,,(SONGDA),,2011/5/28 14:30,,,,,,
,2011,201101,艾利,---,2011/5/9 05:30,輕度,990,23,150,---,13
,,,(AERE),,2011/5/10 17:30,,,,,,
,2010,201013,梅姬,9,2010/10/21 02:30,中度,935,48,250,100,24
,,,(MEGI),,2010/10/23 23:30,,,,,,
,2010,201011,凡那比,4,2010/9/17 23:30,中度,940,45,200,80,22
,,,(FANAPI ),,2010/9/20 14:30,,,,,,
,2010,201010,莫蘭蒂,---,2010/9/9 10:00,輕度,990,23,100,---,10
,,,(MERANTI),,2010/9/10 11:30,,,,,,
,2010,201008,南修,---,2010/8/30 22:30,輕度,995,18,80,---,9
,,,(NAMTHEUN),,2010/8/31 20:30,,,,,,
,2010,201006,萊羅克,9,2010/8/31 20:30,輕度,990,23,100,---,15
,,,(LIONROCK),,2010/9/2 14:30,,,,,,
,2009,200917,芭瑪,特殊,2009/10/3 05:30,中度,920,43,250,80,29
,,,(PARMA),,2009/10/6 17:30,,,,,,
,2009,200908,莫拉克,3,2009/8/5 20:30,中度,955,40,250,100,36
,,,(MORAKOT),,2009/8/10 05:30,,,,,,
,2009,200906,莫拉菲,---,2009/7/16 22:00,輕度,978,28,100,---,13
,,,(MOLAVE ),,2009/7/18 08:30,,,,,,
,2009,200903,蓮花,9,2009/6/19 20:30,輕度,980,28,150,---,21
,,,(LINFA ),,2009/6/22 08:30,,,,,,
,2008,200815,薔蜜,2,2008/9/26 23:30,強烈,925,53,280,100,25
,,,(JANGMI),,2008/9/29 23:30,,,,,,
,2008,200814,哈格比,---,2008/9/21 14:30,中度,940,45,280,100,15
,,,(HAGUPIT),,2008/9/23 08:30,,,,,,
,2008,200813,辛樂克,2,2008/9/11 08:30,強烈,925,51,250,100,43
,,,(SINLAKU ),,2008/9/16 14:30,,,,,,
,2008,200812,如麗,---,2008/8/19 11:30,中度,955,40,220,80,16
,,,(NURI ),,2008/8/21 08:30,,,,,,
,2008,200808,鳳凰,3,2008/7/26 11:30,中度,948,43,220,80,25
,,,(FUNG-WONG),,2008/7/29 11:30,,,,,,
,2008,200807,卡玫基,2,2008/7/16 14:30,中度,970,33,120,50,20
,,,(KALMAEGI),,2008/7/18 23:30,,,,,,
,2008,200807,卡玫基,2,2008/7/16 14:30,中度,970,33,120,50,---
,,,(KALMAEGI),,2008/7/18 23:30,,,,,,
,2007,200723,米塔,---,2007/11/26 05:30,中度,955,35,200,80,11
,,,(MITAG),,2007/11/27 11:30,,,,,,
,2007,200715,柯羅莎,2,2007/10/4 17:30,強烈,925,51,300,120,27
,,,(KROSA ),,2007/10/7 23:30,,,,,,
,2007,200712,韋帕,1,2007/9/17 05:30,中度,935,48,200,80,18
,,,(WIPHA ),,2007/9/19 08:30,,,,,,
,2007,200708,聖帕,3,2007/8/16 08:30,強烈,920,53,250,100,27
,,,(SEPAT ),,2007/8/19 14:30,,,,,,
,2007,200707,梧提,3,2007/8/8 11:30,輕度,992,18,100,---,9
,,,(WUTIP ),,2007/8/9 11:30,,,,,,
,2007,200706,帕布,4,2007/8/6 23:30,輕度,980,28,150,---,14
,,,(PABUK ),,2007/8/8 14:30,,,,,,
,2006,200613,珊珊,---,2006/9/14 14:30,中度,945,48,200,80,17
,,,(SHANSHAN),,2006/9/16 14:30,,,,,,
,2006,200609,寶發,4,2006/8/7 20:30,輕度,985,23,120,---,15
,,,(BOPHA),,2006/8/9 14:30,,,,,,
,2006,200608,桑美,---,2006/8/9 02:30,中度,935,48,180,80,16
,,,(SAOMAI ),,2006/8/10 23:30,,,,,,
,2006,200605,凱米,3,2006/7/23 14:30,中度,960,38,200,80,21
,,,(KAEMI),,2006/7/26 02:30,,,,,,
,2006,200604,碧利斯,2,2006/7/12 02:30,輕度,978,25,300,---,25
,,,(BILIS),,2006/7/15 02:30,,,,,,
,2006,200603,艾維尼,---,2006/7/7 23:30,中度,925,43,300,80,11
,,,(EWINIAR),,2006/7/9 05:30,,,,,,
,2006,200601,珍珠,9,2006/5/16 17:30,中度,943,45,300,100,17
,,,(CHANCHU),,2006/5/18 17:30,,,,,,
,2005,200519,龍王,3,2005/9/30 20:30,強烈,925,51,200,80,21
,,,(LONGWANG),,2005/10/3 08:30,,,,,,
,2005,200518,丹瑞,---,2005/9/21 10:30,輕度,955,25,200,---,17
,,,(DAMREY),,2005/9/23 08:30,,,,,,
,2005,200515,卡努,---,2005/9/9 17:30,中度,950,43,200,80,16
,,,(KHANUN),,2005/9/11 14:30,,,,,,
,2005,200513,泰利,3,2005/8/30 08:30,強烈,920,53,250,100,22
,,,(TALIM),,2005/9/1 23:30,,,,,,
,2005,200510,珊瑚,---,2005/8/11 16:00,輕度,985,25,200,---,19
,,,(SANVU),,2005/8/13 20:30,,,,,,
,2005,200509,馬莎,1,2005/8/3 08:30,中度,955,40,250,80,25
,,,(MATSA),,2005/8/6 08:30,,,,,,
,2005,200505,海棠,3,2005/7/16 14:30,強烈,912,55,280,120,29
,,,(HAITANG),,2005/7/20 02:30,,,,,,
,2004,200427,南瑪都,9,2004/12/3 02:30,中度,940,38,250,80,13
,,,(NANMADOL),,2004/12/4 14:30,,,,,,
,2004,200424,納坦,6,2004/10/23 20:30,中度,945,43,250,100,19
,,,(NOCK-TEN),,2004/10/26 02:30,,,,,,
,2004,200421,米雷,---,2004/9/26 08:30,中度,940,40,200,80,11
,,,(MEARI),,2004/9/27 14:30,,,,,,
,2004,200420,海馬,6,2004/9/11 23:30,輕度,998,18,100,---,12
,,,(HAIMA),,2004/9/13 08:30,,,,,,
,2004,200417,艾利,1,2004/8/23 02:30,中度,960,38,200,50,28
,,,(AERE),,2004/8/26 11:30,,,,,,
,2004,200413,蘭寧,---,2004/8/10 23:30,中度,955,40,250,100,18
,,,(RANANIM),,2004/8/13 02:30,,,,,,
,2004,200409,康柏斯,---,2004/7/14 09:30,輕度,995,20,100,---,10
,,,(KOMPASU),,2004/7/15 11:30,,,,,,
,2004,200407,敏督利,6,2004/6/28 17:30,中度,942,45,250,100,39
,,,(MINDULLE),,2004/7/3 11:30,,,,,,
,2004,200404,康森,---,2004/6/7 17:30,中度,970,33,150,50,19
,,,(CONSON),,2004/6/9 23:30,,,,,,
,2003,200319,米勒,8,2003/11/2 05:30,輕度,975,25,150,---,15
,,,(MELOR),,2003/11/3 23:30,,,,,,
,2003,200313,杜鵑,5,2003/8/31 12:30,中度,950,43,250,100,19
,,,(DUJUAN),,2003/9/2 17:30,,,,,,
,2003,200312,科羅旺,---,2003/8/22 08:30,中度,970,33,250,100,11
,,,(KROVANH),,2003/8/23 14:30,,,,,,
,2003,200311,梵高,---,2003/8/19 12:30,輕度,998,18,100,---,9
,,,(VAMCO),,2003/8/20 11:30,,,,,,
,2003,200309,莫拉克,4,2003/8/2 17:30,輕度,990,23,100,---,19
,,,(MORAKOT),,2003/8/4 23:30,,,,,,
,2003,200307,尹布都,---,2003/7/21 20:30,中度,935,48,300,120,15
,,,(IMBUDO),,2003/7/23 14:30,,,,,,
,2003,200306,蘇迪勒,---,2003/6/16 15:30,中度,960,38,200,50,18
,,,(SOUDELOR),,2003/6/18 17:30,,,,,,
,2003,200305,南卡,---,2003/6/1 20:30,輕度,990,23,100,---,11
,,,(NANGKA),,2003/6/3 02:30,,,,,,
,2003,200302,柯吉拉,---,2003/4/21 05:30,中度,925,43,250,100,30
,,,(KUJIRA),,2003/4/24 20:30,,,,,,
,2002,200216,辛樂克,1,2002/9/4 05:15,中度,950,40,300,100,33
,,,(SINLAKU),,2002/9/8 05:50,,,,,,
,2002,200208,娜克莉,9,2002/7/9 05:50,輕度,987,18,80,---,15
,,,(NAKRI),,2002/7/10 23:05,,,,,,
,2002,200205,雷馬遜,---,2002/7/2 14:45,中度,950,45,300,100,18
,,,(RAMMASUN),,2002/7/4 17:25,,,,,,
,2001,200121,海燕,---,2001/10/15 08:15,中度,965,35,250,100,14
,,,(HAIYAN),,2001/10/16 23:15,,,,,,
,2001,200119,利奇馬,4,2001/9/23 20:30,中度,965,35,180,50,37
,,,(LEKIMA),,2001/9/28 09:10,,,,,,
,2001,200116,納莉,特殊,2001/9/8 23:50,中度,960,40,150,50,12
,,,(NARI),,2001/9/10 09:00,,,,,,
,2001,200116,納莉,特殊,2001/9/13 15:00,中度,960,40,150,50,52
,,,(NARI),,2001/9/19 23:05,,,,,,
,2001,200108,桃芝,3,2001/7/28 05:25,中度,962,38,250,100,28
,,,(TORAJI),,2001/7/31 14:35,,,,,,
,2001,200107,玉兔,---,2001/7/23 20:10,輕度,962,30,150,---,8
,,,(YUTU),,2001/7/24 17:20,,,,,,
,2001,200105,潭美,4,2001/7/10 09:40,輕度,995,20,80,---,13
,,,(TRAMI),,2001/7/11 21:00,,,,,,
,2001,200104,尤特,5,2001/7/3 14:45,中度,960,38,350,120,20
,,,(UTOR),,2001/7/5 23:10,,,,,,
,2001,200102,奇比,7,2001/6/22 03:00,中度,965,35,200,80,19
,,,(CHEBI),,2001/6/24 08:20,,,,,,
,2001,200101,西馬隆,8,2001/5/11 11:15,輕度,990,23,150,---,20
,,,(CIMARON),,2001/5/13 20:05,,,,,,
,2000,200021,貝碧佳,---,2000/11/6 10:15,輕度,970,28,200,---,9
,,,(BEBINCA),,2000/11/7 08:55,,,,,,
,2000,200020,象神,6,2000/10/30 20:15,中度,960,38,250,100,17
,,,(XANGSANE),,2000/11/1 20:05,,,,,,
,2000,200019,雅吉,---,2000/10/23 20:20,中度,970,33,180,50,21
,,,(YAGI),,2000/10/26 08:50,,,,,,
,2000,200015,寶發,特殊,2000/9/8 15:15,輕度,990,23,180,---,17
,,,(BOPHA),,2000/9/10 15:00,,,,,,
,2000,200012,巴比侖,6,2000/8/27 20:45,中度,965,33,250,---,23
,,,(PRAPIROON),,2000/8/30 14:20,,,,,,
,2000,200010,碧利斯,3,2000/8/21 08:25,強烈,930,53,300,120,21
,,,(BILIS),,2000/8/23 20:05,,,,,,
,2000,200004,啟德,6,2000/7/6 11:43,中度,965,35,150,50,30
,,,(KAI-TAK),,2000/7/10 03:00,,,,,,
,1999,199920,丹恩,7,1999/10/4 14:15,中度,968,38,250,80,43
,,,(DAN),,1999/10/9 20:10,,,,,,
,1999,199911,山姆,---,1999/8/19 20:15,輕度,970,30,200,---,18
,,,(SAM),,1999/8/21 23:26,,,,,,
,1999,199906,瑪姬,5,1999/6/4 14:30,中度,965,38,250,100,20
,,,(MAGGIE),,1999/6/6 22:24,,,,,,
,1998,199812,芭比絲,9,1998/10/25 20:40,中度,950,35,250,100,18
,,,(BABS),,1998/10/27 23:05,,,,,,
,1998,199810,瑞伯,6,1998/10/13 14:20,強烈,920,55,350,150,30
,,,(ZEB),,1998/10/17 06:45,,,,,,
,1998,199809,楊妮,6,1998/9/27 23:30,輕度,975,25,100,---,14
,,,(YANNI),,1998/9/29 14:45,,,,,,
,1998,199802,奧托,3,1998/8/3 09:45,輕度,985,30,150,---,17
,,,(OTTO),,1998/8/5 09:00,,,,,,
,1998,199801,妮蔻兒,9,1998/7/9 05:55,輕度,998,18,100,---,10
,,,(NICHOLE),,1998/7/10 09:45,,,,,,
,1997,199726,艾文,---,1997/10/19 20:25,強烈,905,55,250,100,16
,,,(IVAN),,1997/10/21 17:10,,,,,,
,1997,199719,卡絲,---,1997/8/29 23:40,輕度,995,20,100,---,8
,,,(CASS),,1997/8/30 20:20,,,,,,
,1997,199717,安珀,3,1997/8/27 08:35,中度,945,48,250,100,23
,,,(AMBER),,1997/8/30 02:35,,,,,,
,1997,199714,溫妮,1,1997/8/16 14:35,中度,905,43,300,100,21
,,,(WINNIE),,1997/8/19 03:00,,,,,,
,1996,199623,薩恩,---,1996/9/27 14:55,中度,955,43,200,80,11
,,,(ZANE),,1996/9/28 20:25,,,,,,
,1996,199620,魏萊特,---,1996/9/15 20:30,強烈,940,51,300,120,9
,,,(VIOLET),,1996/9/16 21:00,,,,,,
,1996,199618,莎莉,---,1996/9/7 09:00,中度,950,48,250,80,12
,,,(SALLY),,1996/9/8 17:45,,,,,,
,1996,199612,麗莎,---,1996/8/6 16:40,輕度,993,20,100,---,6
,,,(LISA),,1996/8/7 05:40,,,,,,
,1996,199608,賀伯,2,1996/7/29 11:30,強烈,920,53,350,150,29
,,,(HERB),,1996/8/1 23:20,,,,,,
,1996,199607,葛樂禮,7,1996/7/24 11:45,中度,965,35,250,80,26
,,,(GLORIA),,1996/7/27 15:30,,,,,,
,1996,199603,凱姆,8,1996/5/20 21:35,輕度,995,20,150,---,24
,,,(CAM),,1996/5/23 18:00,,,,,,
,1995,199515,賴恩,8,1995/9/20 17:05,中度,955,45,300,100,23
,,,(RYAN),,1995/9/23 12:15,,,,,,
,1995,199509,肯特,5,1995/8/27 17:10,中度,955,45,200,100,32
,,,(KENT),,1995/8/31 14:45,,,,,,
,1995,199508,珍妮絲,---,1995/8/23 17:55,輕度,990,23,120,---,10
,,,(JANIS),,1995/8/24 21:25,,,,,,
,1995,199506,海倫,---,1995/8/9 11:50,輕度,980,23,120,---,15
,,,(HELEN),,1995/8/11 06:15,,,,,,
,1995,199505,蓋瑞,7,1995/7/31 03:55,輕度,980,28,150,---,7
,,,(GARY),,1995/7/31 20:45,,,,,,
,1995,199502,荻安娜,9,1995/6/4 16:30,輕度,995,20,120,---,33
,,,(DEANNA),,1995/6/8 14:50,,,,,,
,1995,199502,荻安娜,9,1995/6/4 16:30,輕度,995,20,120,---,---
,,,(DEANNA),,1995/6/8 14:50,,,,,,
,1994,199427,席斯,6,1994/10/7 14:45,強烈,925,51,350,150,30
,,,(SETH),,1994/10/11 05:40,,,,,,
,1994,199416,葛拉絲,2,1994/8/31 02:35,中度,970,35,200,100,18
,,,(GLADYS),,1994/9/2 02:30,,,,,,
,1994,199415,弗雷特,1,1994/8/19 02:35,強烈,935,55,350,150,26
,,,(FRED),,1994/8/22 05:50,,,,,,
,1994,199413,道格,6,1994/8/6 09:10,強烈,930,58,350,150,24
,,,(DOUG),,1994/8/9 06:15,,,,,,
,1994,199412,凱特琳,3,1994/8/3 06:15,輕度,987,25,120,---,12
,,,(CAITLIN),,1994/8/4 14:30,,,,,,
,1994,199405,提姆,3,1994/7/9 10:20,強烈,945,53,250,120,10
,,,(TIM),,1994/7/11 15:40,,,,,,
,1993,199316,亞伯,5,1993/9/10 21:30,中度,950,43,150,50,15
,,,(ABE),,1993/9/14 09:10,,,,,,
,1993,199314,楊希,---,1993/8/31 21:30,強烈,935,51,250,120,8
,,,(YANCY),,1993/9/2 16:00,,,,,,
,1993,199311,塔莎,---,1993/8/17 16:10,輕度,975,25,200,---,8
,,,(TASHA),,1993/8/19 09:40,,,,,,
,1992,199219,泰德,6,1992/9/20 10:15,輕度,985,30,200,50,14
,,,(TED),,1992/9/23 14:55,,,,,,
,1992,199216,寶莉,3,1992/8/27 11:40,輕度,975,23,200,---,17
,,,(POLLY),,1992/8/31 09:40,,,,,,
,1992,199215,歐馬,3,1992/9/3 08:50,中度,945,40,200,100,11
,,,(OMAR),,1992/9/5 17:45,,,,,,
,1992,199213,馬克,---,1992/8/16 16:40,輕度,988,20,100,---,13
,,,(MARK),,1992/8/19 15:10,,,,,,
,1992,199202,芭比,---,1992/6/26 15:30,中度,948,48,200,100,10
,,,(BOBBIE),,1992/6/28 21:10,,,,,,
,1991,199124,席斯,---,1991/11/12 21:45,中度,920,33,250,100,8
,,,(SETH),,1991/11/14 15:00,,,,,,
,1991,199123,露絲,---,1991/10/26 09:50,強烈,910,58,350,150,17
,,,(RUTH),,1991/10/30 09:30,,,,,,
,1991,199123,露絲,---,1991/10/26 09:50,強烈,910,58,350,150,---
,,,(RUTH),,1991/10/30 09:30,,,,,,
,1991,199120,耐特,特殊,1991/9/22 10:45,強烈,945,51,200,80,11
,,,(NAT),,1991/9/24 18:30,,,,,,
,1991,199120,耐特,特殊,1991/9/30 10:45,輕度,945,30,150,50,9
,,,(NAT),,1991/10/2 06:30,,,,,,
,1991,199119,密瑞兒,---,1991/9/25 08:30,強烈,925,53,300,150,9
,,,(MIREILLE),,1991/9/27 06:30,,,,,,
,1991,199111,愛麗,2,1991/8/16 03:30,中度,965,33,150,50,12
,,,(ELLIE),,1991/8/18 20:10,,,,,,
,1991,199108,布籃登,---,1991/7/22 16:10,中度,978,33,250,100,6
,,,(BRENDAN),,1991/7/23 18:30,,,,,,
,1991,199107,艾美,5,1991/7/17 16:00,強烈,950,51,300,180,10
,,,(AMY),,1991/7/19 21:10,,,,,,
,1990,199018,艾德,---,1990/9/14 02:40,中度,960,33,200,50,6
,,,(ED),,1990/9/15 10:00,,,,,,
,1990,199017,黛特,3,1990/9/6 09:50,中度,960,38,350,100,11
,,,(DOT),,1990/9/8 21:10,,,,,,
,1990,199015,蓓琪,---,1990/8/26 04:40,輕度,970,30,250,80,6
,,,(BECKY),,1990/8/27 09:20,,,,,,
,1990,199014,亞伯,1,1990/8/29 09:20,中度,955,45,250,120,9
,,,(ABE),,1990/8/31 09:10,,,,,,
,1990,199012,楊希,2,1990/8/17 09:50,中度,960,40,200,100,14
,,,(YANCY),,1990/8/20 15:30,,,,,,
,1990,199007,蘿繽,---,1990/7/9 10:40,輕度,990,20,150,---,7
,,,(ROBYN),,1990/7/10 21:00,,,,,,
,1990,199006,波西,---,1990/6/26 16:00,強烈,950,51,250,120,16
,,,(PERCY),,1990/6/30 09:00,,,,,,
,1990,199005,歐菲莉,6,1990/6/21 16:00,中度,968,38,200,100,13
,,,(OFELIA),,1990/6/24 15:10,,,,,,
,1990,199003,瑪麗安,9,1990/5/18 09:30,中度,960,40,250,100,6
,,,(MARIAN),,1990/5/19 14:50,,,,,,
,1989,198923,安吉菈,---,1989/10/5 09:30,強烈,930,67,250,120,9
,,,(ANGELA),,1989/10/7 09:40,,,,,,
,1989,198921,薇拉,---,1989/9/14 15:40,輕度,985,25,200,---,6
,,,(VERA),,1989/9/15 20:30,,,,,,
,1989,198919,莎拉,3,1989/9/8 09:50,強烈,952,51,300,150,23
,,,(SARAH),,1989/9/13 20:30,,,,,,
,1989,198913,羅拉,---,1989/7/31 21:30,輕度,980,28,250,---,11
,,,(LOLA),,1989/8/3 09:10,,,,,,
,1989,198909,賀璞,---,1989/7/18 09:20,輕度,990,25,150,---,6
,,,(HOPE),,1989/7/19 15:00,,,,,,
,1989,198908,戈登,---,1989/7/15 09:35,強烈,920,65,300,150,11
,,,(GORDON),,1989/7/17 21:20,,,,,,
,1989,198903,白蘭黛,---,1989/5/18 15:00,中度,970,35,200,80,9
,,,(BRENDA),,1989/5/20 14:35,,,,,,
,1988,198822,魯碧,---,1988/10/25 16:00,中度,916,48,300,150,8
,,,(RUBY),,1988/10/27 09:15,,,,,,
,1988,198821,派特,---,1988/10/19 15:50,中度,968,38,200,50,8
,,,(PAT),,1988/10/21 09:00,,,,,,
,1988,198820,歐黛莎,---,1988/10/12 15:50,輕度,954,25,150,---,7
,,,(ODESSA),,1988/10/14 03:40,,,,,,
,1988,198819,尼爾森,---,1988/10/3 21:15,強烈,898,63,300,120,10
,,,(NELSON),,1988/10/6 03:40,,,,,,
,1988,198817,李尹,---,1988/9/23 09:50,輕度,984,28,150,50,5
,,,(LEE),,1988/9/24 09:45,,,,,,
,1988,198816,克蒂,---,1988/9/21 10:15,輕度,984,28,150,50,5
,,,(KIT),,1988/9/22 09:05,,,,,,
,1988,198805,華倫,---,1988/7/17 08:45,強烈,927,55,250,120,11
,,,(WARREN),,1988/7/19 21:00,,,,,,
,1988,198802,蘇珊,9,1988/5/31 21:15,中度,963,40,150,50,9
,,,(SUSAN),,1988/6/2 20:55,,,,,,
,1987,198720,琳恩,5,1987/10/22 16:05,強烈,898,53,400,150,20
,,,(LYNN),,1987/10/27 09:50,,,,,,
,1987,198714,傑魯得,5,1987/9/7 16:10,強烈,937,51,300,150,15
,,,(GERALD),,1987/9/11 03:55,,,,,,
,1987,198711,黛納,---,1987/8/27 15:15,強烈,910,62,400,200,12
,,,(DINAH),,1987/8/30 08:30,,,,,,
,1987,198710,凱瑞,---,1987/8/15 09:40,中度,968,38,200,80,16
,,,(CARY),,1987/8/19 03:20,,,,,,
,1987,198708,亞力士,6,1987/7/25 15:10,中度,976,35,250,100,10
,,,(ALEX),,1987/7/27 21:35,,,,,,
,1987,198706,費南,6,1987/7/19 15:15,中度,981,33,200,120,11
,,,(VERNON),,1987/7/22 04:25,,,,,,
,1987,198705,賽洛瑪,---,1987/7/11 10:00,強烈,911,60,350,150,16
,,,(THELMA),,1987/7/15 04:10,,,,,,
,1986,198617,艾倫,---,1986/10/14 14:50,中度,970,40,250,80,14
,,,(ELLEN),,1986/10/17 20:35,,,,,,
,1986,198613,艾貝,3,1986/9/16 09:50,強烈,943,51,400,200,18
,,,(ABBY),,1986/9/20 15:25,,,,,,
,1986,198612,韋恩,特殊,1986/8/20 20:50,中度,951,38,200,100,12
,,,(WAYNE),,1986/8/23 15:15,,,,,,
,1986,198612,韋恩,特殊,1986/8/24 08:10,輕度,951,28,120,---,4
,,,(WAYNE),,1986/8/25 04:35,,,,,,
,1986,198612,韋恩,特殊,1986/8/28 15:25,中度,951,40,150,50,26
,,,(WAYNE),,1986/9/3 20:35,,,,,,
,1986,198611,薇拉,---,1986/8/25 09:55,中度,923,45,400,200,10
,,,(VERA),,1986/8/27 15:58,,,,,,
,1986,198609,莎拉,---,1986/8/1 09:20,輕度,986,23,150,---,9
,,,(SARAH),,1986/8/3 09:50,,,,,,
,1986,198607,佩姬,5,1986/7/7 09:00,強烈,900,70,400,200,18
,,,(PEGGY),,1986/7/11 15:15,,,,,,
,1986,198605,南施,6,1986/6/22 15:25,中度,955,38,200,50,9
,,,(NANCY),,1986/6/24 15:00,,,,,,
,1985,198519,白蘭黛,6,1985/10/2 16:05,中度,964,45,300,150,11
,,,(BRENDA),,1985/10/5 04:00,,,,,,
,1985,198516,衛奧,5,1985/9/15 16:00,輕度,992,25,150,---,11
,,,(VAL),,1985/9/17 21:15,,,,,,
,1985,198515,蒂絲,---,1985/9/3 16:00,中度,967,33,200,50,7
,,,(TESS),,1985/9/5 04:00,,,,,,
,1985,198512,派特,---,1985/8/27 15:30,中度,961,35,250,100,12
,,,(PAT),,1985/8/30 09:40,,,,,,
,1985,198510,尼爾森,1,1985/8/20 15:30,中度,961,48,300,120,15
,,,(NELSON),,1985/8/24 04:35,,,,,,
,1985,198506,傑夫,1,1985/7/28 09:00,中度,967,35,200,80,11
,,,(JEFF),,1985/7/30 20:50,,,,,,
,1985,198504,海爾,5,1985/6/21 09:50,中度,955,48,350,250,12
,,,(HAL),,1985/6/24 04:00,,,,,,
,1984,198425,比爾,---,1984/11/17 15:00,強烈,910,51,200,100,6
,,,(BILL),,1984/11/18 21:00,,,,,,
,1984,198412,裘恩,5,1984/8/28 16:10,輕度,983,32,250,---,11
,,,(JUNE),,1984/8/31 04:00,,,,,,
,1984,198410,郝麗,6,1984/8/17 15:00,中度,964,35,350,200,10
,,,(HOLLY),,1984/8/19 21:30,,,,,,
,1984,198409,傑魯得,---,1984/8/16 15:00,輕度,985,28,180,---,12
,,,(GERALD),,1984/8/19 09:50,,,,,,
,1984,198408,芙瑞達,2,1984/8/6 15:10,輕度,982,25,200,---,8
,,,(FREDA),,1984/8/8 09:40,,,,,,
,1984,198403,亞力士,6,1984/7/2 21:00,中度,980,35,150,80,8
,,,(ALEX),,1984/7/4 09:00,,,,,,
,1984,198402,魏恩,4,1984/6/21 14:45,輕度,982,28,150,---,13
,,,(WYNNE),,1984/6/24 14:25,,,,,,
,1983,198310,佛瑞特,---,1983/9/23 21:10,強烈,883,65,400,200,14
,,,(FORREST),,1983/9/27 04:30,,,,,,
,1983,198309,艾倫,5,1983/9/5 21:00,強烈,928,63,250,120,11
,,,(ELLEN),,1983/9/8 09:10,,,,,,
,1983,198305,艾貝,---,1983/8/9 16:00,強烈,888,67,400,200,15
,,,(ABBY),,1983/8/13 04:30,,,,,,
,1983,198304,韋恩,5,1983/7/23 15:30,強烈,920,63,250,120,10
,,,(WAYNE),,1983/7/25 20:50,,,,,,
,1982,198223,南施,---,1982/10/14 08:50,強烈,933,58,200,100,6
,,,(NANCY),,1982/10/15 14:40,,,,,,
,1982,198220,肯恩,---,1982/9/18 15:20,強烈,936,55,250,120,18
,,,(KEN),,1982/9/22 20:10,,,,,,
,1982,198215,費依,---,1982/8/26 03:15,輕度,961,25,100,---,6
,,,(FAYE),,1982/8/27 08:55,,,,,,
,1982,198213,黛特,4,1982/8/13 09:40,中度,966,33,200,100,11
,,,(DOT),,1982/8/15 20:30,,,,,,
,1982,198212,西仕,6,1982/8/6 10:10,強烈,920,55,220,140,20
,,,(CECIL),,1982/8/10 21:30,,,,,,
,1982,198210,安迪,4,1982/7/26 15:40,強烈,915,60,300,100,16
,,,(ANDY),,1982/7/30 09:10,,,,,,
,1982,198207,蒂絲,---,1982/7/1 15:30,輕度,990,18,100,---,4
,,,(TESS),,1982/7/2 09:20,,,,,,
,1981,198125,伊瑪,---,1981/11/25 09:45,輕度,902,28,200,---,7
,,,(IRMA),,1981/11/26 21:15,,,,,,
,1981,198123,蓋依,---,1981/10/20 14:00,中度,947,45,300,100,4
,,,(GAY),,1981/10/21 09:00,,,,,,
,1981,198119,葛萊拉,5,1981/9/19 09:45,強烈,924,58,250,100,12
,,,(CLARA),,1981/9/22 04:00,,,,,,
,1981,198117,艾妮絲,1,1981/8/29 16:00,中度,947,47,300,120,9
,,,(AGNES),,1981/8/31 15:00,,,,,,
,1981,198108,莫瑞,1,1981/7/18 15:50,輕度,985,30,180,30,8
,,,(MAURY),,1981/7/20 08:15,,,,,,
,1981,198105,裘恩,6,1981/6/18 15:10,中度,965,38,250,60,12
,,,(JUNE),,1981/6/21 10:00,,,,,,
,1981,198104,艾克,9,1981/6/12 15:00,輕度,967,30,150,30,8
,,,(IKE),,1981/6/14 04:45,,,,,,
,1980,198021,貝蒂,---,1980/11/6 04:40,輕度,928,23,150,---,5
,,,(BETTY),,1980/11/7 04:00,,,,,,
,1980,198019,魏恩,---,1980/10/10 15:30,強烈,890,65,300,100,11
,,,(WYNNE),,1980/10/13 04:00,,,,,,
,1980,198014,珀西,4,1980/9/15 15:00,強烈,919,60,250,100,15
,,,(PERCY),,1980/9/19 03:00,,,,,,
,1980,198012,諾瑞斯,2,1980/8/26 15:30,中度,950,43,250,60,9
,,,(NORRIS),,1980/8/28 14:30,,,,,,
,1980,198009,開梅,---,1980/7/25 10:00,中度,908,45,250,100,10
,,,(KIM),,1980/7/27 14:30,,,,,,
,1980,198007,艾達,5,1980/7/8 14:30,輕度,980,30,200,40,13
,,,(IDA),,1980/7/11 15:15,,,,,,
,1980,198005,喬琪亞,---,1980/5/23 15:30,輕度,985,28,150,50,7
,,,(GEORGIA),,1980/5/25 04:45,,,,,,
,1979,197919,狄普,---,1979/10/15 16:00,強烈,870,58,450,200,13
,,,(TIP),,1979/10/18 14:10,,,,,,
,1979,197915,奧文,---,1979/9/25 21:00,強烈,920,53,300,120,7
,,,(OWEN),,1979/9/27 09:30,,,,,,
,1979,197910,茱迪,---,1979/8/22 05:00,強烈,910,58,250,100,10
,,,(JUDY),,1979/8/24 10:00,,,,,,
,1979,197909,歐敏,6,1979/8/12 15:00,中度,955,40,400,120,15
,,,(IRVING),,1979/8/16 05:40,,,,,,
,1979,197908,賀璞,5,1979/7/31 16:15,強烈,895,67,300,110,9
,,,(HOPE),,1979/8/2 15:05,,,,,,
,1979,197907,戈登,---,1979/7/27 10:10,輕度,970,28,200,50,9
,,,(GORDON),,1979/7/29 09:20,,,,,,
,1979,197905,艾勒士,---,1979/7/3 16:45,中度,950,45,250,100,8
,,,(ELLIS),,1979/7/5 09:30,,,,,,
,1978,197823,婀拉,6,1978/10/11 15:30,中度,940,40,200,70,12
,,,(ORA),,1978/10/14 09:00,,,,,,
,1978,197812,黛拉,2,1978/8/12 15:40,輕度,985,20,150,---,5
,,,(DELLA),,1978/8/13 15:00,,,,,,
,1978,197811,卡門,---,1978/8/15 08:30,中度,965,38,200,100,6
,,,(CARMEN),,1978/8/16 15:00,,,,,,
,1978,197808,范迪,---,1978/7/27 06:30,中度,960,40,400,150,13
,,,(WENDY),,1978/7/30 10:00,,,,,,
,1978,197804,羅絲,3,1978/6/23 15:00,輕度,993,20,150,---,7
,,,(ROSE),,1978/6/25 05:00,,,,,,
,1978,197802,歐莉芙,---,1978/4/24 14:45,中度,955,43,200,80,7
,,,(OLIVE),,1978/4/26 04:00,,,,,,
,1977,197712,芙瑞達,---,1977/9/24 04:10,輕度,980,28,200,50,3
,,,(FREDA),,1977/9/24 15:00,,,,,,
,1977,197710,黛納,---,1977/9/15 10:30,中度,965,35,250,50,8
,,,(DINAH),,1977/9/17 05:00,,,,,,
,1977,197710,黛納,---,1977/9/18 16:00,中度,965,33,250,50,17
,,,(DINAH),,1977/9/22 15:40,,,,,,
,1977,197708,寶佩,---,1977/9/7 16:00,強烈,910,65,350,150,9
,,,(BABE),,1977/9/9 15:30,,,,,,
,1977,197707,愛美,7,1977/8/18 22:00,輕度,985,21,150,---,17
,,,(AMY),,1977/8/22 21:00,,,,,,
,1977,197705,薇拉,2,1977/7/28 21:30,強烈,930,55,200,50,16
,,,(VERA),,1977/8/1 16:00,,,,,,
,1977,197704,賽洛瑪,7,1977/7/22 22:00,中度,950,40,250,70,13
,,,(THELMA),,1977/7/25 21:30,,,,,,
,1977,197702,魯絲,---,1977/6/15 16:30,輕度,980,30,150,50,8
,,,(RUTH),,1977/6/17 08:30,,,,,,
,1976,197623,瑪芝,---,1976/11/8 16:00,中度,975,33,100,30,8
,,,(MARGE),,1976/11/10 09:30,,,,,,
,1976,197622,魯依絲,---,1976/11/3 16:00,強烈,895,68,300,100,10
,,,(LOUISE),,1976/11/5 21:50,,,,,,
,1976,197620,艾瑞絲,---,1976/9/16 10:30,中度,975,35,200,50,8
,,,(IRIS),,1976/9/18 05:00,,,,,,
,1976,197617,芙安,---,1976/9/7 16:00,強烈,910,68,400,100,9
,,,(FRAN),,1976/9/9 15:00,,,,,,
,1976,197615,戴特,---,1976/8/20 05:30,輕度,990,23,150,---,6
,,,(DOT),,1976/8/21 09:30,,,,,,
,1976,197613,畢莉,2,1976/8/8 21:30,強烈,910,55,300,150,8
,,,(BILLIE),,1976/8/10 15:00,,,,,,
,1976,197607,魯碧,---,1976/6/27 16:30,中度,935,33,180,30,12
,,,(RUBY),,1976/6/30 10:30,,,,,,
,1975,197516,芙勞西,---,1975/10/21 21:15,輕度,970,30,200,70,3
,,,(FLOSSIE),,1975/10/22 15:06,,,,,,
,1975,197515,艾爾西,5,1975/10/11 09:30,強烈,990,70,200,50,10
,,,(ELSIE),,1975/10/13 20:30,,,,,,
,1975,197512,貝蒂,4,1975/9/21 09:30,中度,950,45,250,100,11
,,,(BETTY),,1975/9/23 21:30,,,,,,
,1975,197504,婀拉,---,1975/8/10 17:00,中度,970,35,250,50,8
,,,(ORA),,1975/8/12 16:00,,,,,,
,1975,197503,妮娜,2,1975/8/2 09:00,強烈,900,65,250,90,8
,,,(NINA),,1975/8/4 05:00,,,,,,
,1974,197428,葛樂禮,---,1974/11/5 21:30,強烈,930,55,300,100,12
,,,(GLORIA),,1974/11/9 05:30,,,,,,
,1974,197426,艾琳,---,1974/10/27 21:30,強烈,940,51,300,80,4
,,,(ELAINE),,1974/10/29 09:40,,,,,,
,1974,197425,黛拉,---,1974/10/23 10:40,中度,960,40,150,50,4
,,,(DELLA),,1974/10/24 15:40,,,,,,
,1974,197423,貝絲,5,1974/10/10 22:30,中度,970,38,300,150,5
,,,(BESS),,1974/10/12 22:00,,,,,,
,1974,197421,范迪,6,1974/9/26 16:30,輕度,980,30,150,30,12
,,,(WENDY),,1974/9/29 10:30,,,,,,
,1974,197413,露西,---,1974/8/9 22:40,輕度,994,20,120,---,5
,,,(LUCY),,1974/8/10 22:30,,,,,,
,1974,197411,琴恩,2,1974/7/18 16:50,輕度,995,25,80,---,6
,,,(JEAN),,1974/7/19 22:00,,,,,,
,1974,197406,鶯瑪,---,1974/6/15 22:30,輕度,985,28,150,---,5
,,,(EMMA),,1974/6/17 15:30,,,,,,
,1973,197317,白西,---,1973/10/11 10:30,強烈,890,65,300,100,4
,,,(PATSY),,1973/10/12 15:30,,,,,,
,1973,197315,娜拉,7,1973/10/7 22:30,強烈,875,63,350,150,12
,,,(NORA),,1973/10/10 15:00,,,,,,
,1973,197311,瓊安,---,1973/8/19 21:00,輕度,990,23,150,---,5
,,,(JOAN),,1973/8/20 22:00,,,,,,
,1973,197307,芙安,---,1973/7/29 16:00,輕度,1000,18,90,---,3
,,,(FRAN),,1973/7/30 14:30,,,,,,
,1973,197303,畢莉,---,1973/7/13 15:30,強烈,920,60,220,100,14
,,,(BILLIE),,1973/7/17 09:40,,,,,,
,1973,197301,魏達,7,1973/7/2 10:30,輕度,980,28,200,---,6
,,,(WILDA),,1973/7/3 22:00,,,,,,
,1972,197213,貝蒂,1,1972/8/14 21:30,強烈,910,65,400,300,11
,,,(BETTY),,1972/8/17 14:30,,,,,,
,1972,197211,溫妮,---,1972/8/1 08:00,輕度,990,18,60,---,4
,,,(WINNIE),,1972/8/2 06:00,,,,,,
,1972,197208,蘇珊,---,1972/7/11 14:10,中度,980,35,250,---,7
,,,(SUSAN),,1972/7/13 10:40,,,,,,
,1972,197207,莉泰,---,1972/7/22 11:00,中度,910,33,250,100,9
,,,(RITA),,1972/7/24 10:20,,,,,,
,1971,197127,貝絲,2,1971/9/20 21:30,強烈,905,65,300,200,10
,,,(BESS),,1971/9/23 10:30,,,,,,
,1971,197126,艾妮絲,3,1971/9/17 10:10,中度,975,33,200,---,10
,,,(AGNES),,1971/9/19 15:30,,,,,,
,1971,197118,娜定,4,1971/7/24 10:20,強烈,900,70,350,200,11
,,,(NADINE),,1971/7/26 21:00,,,,,,
,1971,197116,露西,5,1971/7/18 22:30,強烈,915,55,350,150,11
,,,(LUCY),,1971/7/21 22:30,,,,,,
,1971,197106,寶佩,---,1971/5/5 10:30,輕度,990,25,---,---,3
,,,(BABE),,1971/5/6 10:30,,,,,,
,1970,197015,芙安,1,1970/9/6 10:40,輕度,975,25,200,---,6
,,,(FRAN),,1970/9/7 16:00,,,,,,
,1970,197009,魏達,---,1970/8/10 10:30,中度,940,40,300,---,5
,,,(WILDA),,1970/8/12 10:20,,,,,,
,1970,197002,歐加,---,1970/7/1 10:30,強烈,904,55,200,---,8
,,,(OLGA),,1970/7/3 21:30,,,,,,
,1969,196912,芙勞西,6,1969/9/30 22:00,中度,946,33,200,---,14
,,,(FLOSSIE),,1969/10/3 22:30,,,,,,
,1969,196911,艾爾西,2,1969/9/25 16:00,強烈,895,65,400,---,9
,,,(ELSIE),,1969/9/27 15:40,,,,,,
,1969,196909,寇拉,---,1969/8/18 10:20,中度,934,40,250,---,5
,,,(CORA),,1969/8/19 15:20,,,,,,
,1969,196908,貝蒂,1,1969/8/7 09:40,中度,973,35,150,---,7
,,,(BETTY),,1969/8/8 21:20,,,,,,
,1969,196906,溫妮,---,1969/7/31 10:20,輕度,984,25,100,---,3
,,,(WINNIE),,1969/8/1 10:10,,,,,,
,1969,196905,衛歐拉,5,1969/7/25 10:20,強烈,895,60,350,---,12
,,,(VIOLA),,1969/7/28 21:20,,,,,,
,1968,196817,艾琳,5,1968/9/27 10:20,強烈,910,60,400,---,16
,,,(ELAINE),,1968/10/1 10:20,,,,,,
,1968,196816,黛拉,---,1968/9/21 16:30,強烈,930,51,250,---,4
,,,(DELLA),,1968/9/22 21:30,,,,,,
,1968,196812,范迪,5,1968/9/2 22:00,中度,915,45,300,---,19
,,,(WENDY),,1968/9/7 22:00,,,,,,
,1968,196809,雪莉,---,1968/8/18 21:40,輕度,955,30,250,---,6
,,,(SHIRLEY),,1968/8/21 10:00,,,,,,
,1968,196808,玻莉,---,1968/8/14 10:00,輕度,965,30,150,---,4
,,,(POLLY),,1968/8/15 21:20,,,,,,
,1968,196807,羅絲,---,1968/8/10 11:00,輕度,968,30,200,---,4
,,,(ROSE),,1968/8/11 21:20,,,,,,
,1968,196805,娜定,---,1968/7/22 22:00,輕度,960,25,200,---,14
,,,(NADINE),,1968/7/26 22:10,,,,,,
,1968,196805,娜定,---,1968/7/28 12:30,輕度,960,25,100,---,3
,,,(NADINE),,1968/7/28 21:50,,,,,,
,1967,196733,吉達,3,1967/11/15 22:10,強烈,910,60,400,---,12
,,,(GILDA),,1967/11/18 21:40,,,,,,
,1967,196730,黛納,---,1967/10/24 22:40,中度,950,45,350,---,7
,,,(DINAH),,1967/10/26 16:00,,,,,,
,1967,196729,解拉,5,1967/10/15 22:30,強烈,900,60,400,---,11
,,,(CARLA),,1967/10/18 22:00,,,,,,
,1967,196719,娜拉,2,1967/8/28 22:40,中度,982,33,200,---,11
,,,(NORA),,1967/8/30 10:20,,,,,,
,1967,196718,瑪芝,---,1967/8/26 22:20,強烈,935,60,200,---,11
,,,(MARGE),,1967/8/30 10:20,,,,,,
,1967,196708,葛萊拉,3,1967/7/9 10:30,中度,960,40,200,---,11
,,,(CLARA),,1967/7/12 09:10,,,,,,
,1967,196707,畢莉,---,1967/7/4 22:30,中度,980,35,200,---,6
,,,(BILLIE),,1967/7/7 10:20,,,,,,
,1967,196706,艾妮達,---,1967/6/27 23:20,中度,972,35,250,---,9
,,,(ANITA),,1967/6/30 10:30,,,,,,
,1967,196704,衛萊特,---,1967/4/7 10:40,強烈,930,51,250,---,12
,,,(VIOLET),,1967/4/11 16:20,,,,,,
,1966,196622,海倫,---,1966/9/20 16:00,輕度,978,25,200,---,6
,,,(HELEN),,1966/9/22 15:40,,,,,,
,1966,196619,艾爾西,9,1966/9/14 15:50,強烈,943,51,200,---,6
,,,(ELSIE),,1966/9/17 05:00,,,,,,
,1966,196617,寇拉,1,1966/9/3 22:20,強烈,917,60,200,---,15
,,,(CORA),,1966/9/7 10:30,,,,,,
,1966,196615,艾麗絲,---,1966/9/1 22:30,中度,936,40,150,---,7
,,,(ALICE),,1966/9/3 21:55,,,,,,
,1966,196612,蒂絲,1,1966/8/14 16:50,中度,965,38,200,---,10
,,,(TESS),,1966/8/17 10:00,,,,,,
,1966,196611,蘇珊,---,1966/8/14 16:50,中度,985,35,100,---,10
,,,(SUSAN),,1966/8/17 10:00,,,,,,
,1966,196607,妮娜,---,1966/7/18 09:00,中度,995,35,150,---,7
,,,(NINA),,1966/7/19 15:30,,,,,,
,1966,196606,瑪美,---,1966/7/16 15:40,中度,993,35,100,---,3
,,,(MAMIE),,1966/7/17 10:00,,,,,,
,1966,196603,裘迪,9,1966/5/28 10:30,中度,970,40,150,---,12
,,,(JUDY),,1966/5/31 10:00,,,,,,
,1966,196602,伊瑪,---,1966/5/19 22:10,中度,960,40,150,---,4
,,,(IRMA),,1966/5/21 10:10,,,,,,
,1965,196533,費依,---,1965/11/23 23:00,強烈,930,65,---,---,3
,,,(FAYE),,1965/11/24 22:30,,,,,,
,1965,196525,崔絲,---,1965/9/14 23:00,強烈,930,60,---,---,4
,,,(TRIX),,1965/9/16 10:00,,,,,,
,1965,196523,羅絲,---,1965/9/1 23:00,中度,990,45,---,---,5
,,,(ROSE),,1965/9/3 22:00,,,,,,
,1965,196519,瑪麗,2,1965/8/17 10:00,強烈,950,75,---,---,9
,,,(MARY),,1965/8/19 21:50,,,,,,
,1965,196516,琴恩,---,1965/8/1 22:20,強烈,950,55,250,---,7
,,,(JEAN),,1965/8/4 21:45,,,,,,
,1965,196515,艾葳,---,1965/7/28 22:35,中度,990,35,200,---,4
,,,(IVY),,1965/7/30 09:45,,,,,,
,1965,196514,哈莉,4,1965/7/24 22:50,強烈,970,51,300,---,11
,,,(HARRIET),,1965/7/27 09:40,,,,,,
,1965,196512,芙瑞達,---,1965/7/12 16:30,強烈,922,70,300,---,6
,,,(FREDA),,1965/7/14 10:45,,,,,,
,1965,196511,鶯瑪,---,1965/6/23 23:00,輕度,990,30,120,---,8
,,,(EMMA),,1965/6/25 22:00,,,,,,
,1965,196510,黛納,6,1965/6/16 10:15,強烈,932,65,200,---,12
,,,(DINAH),,1965/6/19 10:15,,,,,,
,1965,196508,寶佩,---,1965/6/4 09:30,中度,990,33,150,---,2
,,,(BABE),,1965/6/4 22:10,,,,,,
,1964,196437,歐珀,---,1964/12/14 10:00,強烈,920,75,450,---,3
,,,(OPAL),,1964/12/15 10:20,,,,,,
,1964,196426,戴特,---,1964/10/9 16:30,中度,972,35,150,---,3
,,,(DOT),,1964/10/10 10:20,,,,,,
,1964,196420,蒂達,---,1964/9/14 10:40,中度,970,45,150,---,8
,,,(TILDA),,1964/9/15 22:00,,,,,,
,1964,196419,沙莉,---,1964/9/7 16:20,強烈,885,75,300,---,12
,,,(SALLY),,1964/9/10 10:40,,,,,,
,1964,196418,魯碧,---,1964/9/2 11:10,中度,970,35,150,---,7
,,,(RUBY),,1964/9/4 10:20,,,,,,
,1964,196416,梅瑞,---,1964/8/16 23:00,中度,980,35,200,---,13
,,,(MARIE),,1964/8/20 10:00,,,,,,
,1964,196414,凱西,---,1964/8/16 23:00,強烈,945,55,250,---,13
,,,(KATHY),,1964/8/20 10:00,,,,,,
,1964,196413,裘恩,---,1964/8/11 23:30,輕度,996,20,120,---,4
,,,(JUNE),,1964/8/13 10:30,,,,,,
,1964,196412,艾達,---,1964/8/5 22:30,強烈,925,65,300,---,8
,,,(IDA),,1964/8/8 10:10,,,,,,
,1964,196409,芙勞西,---,1964/7/26 22:20,輕度,975,30,150,---,3
,,,(FLOSSIE),,1964/7/27 16:45,,,,,,
,1964,196407,都麗絲,---,1964/7/13 22:30,中度,980,40,200,---,7
,,,(DORIS),,1964/7/15 16:00,,,,,,
,1964,196405,貝蒂,---,1964/7/3 06:00,中度,958,45,200,---,10
,,,(BETTY),,1964/7/5 11:00,,,,,,
,1964,196403,溫妮,---,1964/6/28 22:40,中度,950,45,350,---,4
,,,(WINNIE),,1964/6/30 10:20,,,,,,
,1964,196402,衛歐拉,---,1964/5/26 16:20,中度,980,33,250,---,4
,,,(VIOLA),,1964/5/27 22:10,,,,,,
,1963,196314,葛樂禮,1,1963/9/8 11:00,強烈,920,68,400,---,15
,,,(GLORIA),,1963/9/12 10:30,,,,,,
,1963,196313,費依,---,1963/9/3 22:00,強烈,960,51,300,---,8
,,,(FAYE),,1963/9/5 22:10,,,,,,
,1963,196308,艾妮絲,---,1963/7/19 10:10,中度,995,43,200,---,8
,,,(AGNES),,1963/7/21 16:00,,,,,,
,1963,196307,范迪,2,1963/7/14 10:50,強烈,930,65,300,---,11
,,,(WENDY),,1963/7/17 09:40,,,,,,
,1963,196305,崔絲,---,1963/6/27 22:30,中度,985,33,300,---,16
,,,(TRIX),,1963/7/1 22:10,,,,,,
,1963,196304,雪莉,---,1963/6/16 11:00,強烈,935,60,300,---,7
,,,(SHIRLEY),,1963/6/18 23:00,,,,,,
,1963,196303,羅絲,---,1963/6/8 16:30,輕度,995,25,150,---,8
,,,(ROSE),,1963/6/11 22:40,,,,,,
,1962,196226,凱倫,---,1962/11/13 22:25,強烈,---,70,400,---,7
,,,(KAREN),,1962/11/15 21:55,,,,,,
,1962,196222,吉達,---,1962/10/25 22:20,強烈,---,53,350,---,5
,,,(GILDA),,1962/10/27 21:50,,,,,,
,1962,196219,黛納,5,1962/10/1 07:30,強烈,950,51,350,---,12
,,,(DINAH),,1962/10/3 22:00,,,,,,
,1962,196216,愛美,2,1962/9/1 16:15,強烈,910,70,400,---,19
,,,(AMY),,1962/9/6 09:45,,,,,,
,1962,196215,萬達,5,1962/8/28 22:30,中度,945,48,350,---,11
,,,(WANDA),,1962/8/31 21:40,,,,,,
,1962,196212,莎拉,---,1962/8/15 20:00,強烈,---,55,150,---,16
,,,(SARAH),,1962/8/19 10:00,,,,,,
,1962,196209,歐珀,2,1962/8/3 10:00,強烈,905,75,350,---,12
,,,(OPAL),,1962/8/6 22:00,,,,,,
,1962,196208,娜拉,---,1962/7/29 10:15,中度,---,35,400,---,10
,,,(NORA),,1962/8/1 15:40,,,,,,
,1962,196206,魯依絲,---,1962/7/19 17:00,,---,48,250,---,---
,,,(LOUISE),,1962/7/23 21:50,,,,,,
,1962,196205,凱蒂,6,1962/7/19 17:00,中度,965,38,200,---,18
,,,(KATE),,1962/7/23 21:50,,,,,,
,1962,196204,瓊安,---,1962/7/7 22:30,中度,---,40,200,---,5
,,,(JOAN),,1962/7/9 22:00,,,,,,
,1962,196203,艾瑞絲,---,1962/5/28 07:30,中度,---,33,100,---,4
,,,(IRIS),,1962/5/29 10:00,,,,,,
,1962,196202,賀普,---,1962/5/19 10:00,中度,---,33,200,---,6
,,,(HOPE),,1962/5/20 15:25,,,,,,
,1961,196123,蒂達,---,1961/10/1 22:00,強烈,925,65,400,---,11
,,,(TILDA),,1961/10/4 10:00,,,,,,
,1961,196122,沙莉,4,1961/9/26 22:30,中度,980,40,300,---,10
,,,(SALLY),,1961/9/29 11:00,,,,,,
,1961,196121,魯碧,---,1961/9/26 22:30,,998,28,80,---,---
,,,(RUBY),,1961/9/29 11:00,,,,,,
,1961,196120,波密拉,2,1961/9/11 10:00,強烈,915,65,250,---,7
,,,(PAMELA),,1961/9/12 22:00,,,,,,
,1961,196119,歐加,---,1961/8/23 22:30,,985,36,150,---,---
,,,(OLGA),,1961/8/26 10:30,,,,,,
,1961,196118,南施,---,1961/9/13 11:30,強烈,846,100,650,---,7
,,,(NANCY),,1961/9/15 10:30,,,,,,
,1961,196117,梅瑞,---,1961/8/4 23:00,,998,23,120,---,---
,,,(MARIE),,1961/8/8 11:30,,,,,,
,1961,196116,勞娜,4,1961/8/23 22:30,強烈,947,60,300,---,9
,,,(LORNA),,1961/8/26 10:30,,,,,,
,1961,196114,裘恩,2,1961/8/4 23:00,中度,950,50,150,---,12
,,,(JUNE),,1961/8/8 11:30,,,,,,
,1961,196114,裘恩,2,1961/8/4 23:00,中度,960,50,150,---,---
,,,(JUNE),,1961/8/8 11:30,,,,,,
,1961,196114,裘恩,2,1961/8/4 23:00,中度,950,50,150,---,---
,,,(JUNE),,1961/8/8 11:30,,,,,,
,1961,196112,海倫,---,1961/7/13 00:30,,972,51,200,---,---
,,,(HELEN),,1961/7/15 10:00,,,,,,
,1961,196111,葛瑞絲,---,1961/6/30 11:00,,998,21,80,---,---
,,,(GRACE),,1961/7/1 12:00,,,,,,
,1961,196110,芙勞西,---,1961/7/16 23:30,輕度,992,20,150,---,6
,,,(FLOSSIE),,1961/7/19 11:00,,,,,,
,1961,196109,艾爾西,5,1961/7/13 00:30,中度,975,45,150,---,9
,,,(ELSIE),,1961/7/15 10:00,,,,,,
,1961,196108,都麗絲,---,1961/6/30 11:00,輕度,990,20,150,---,5
,,,(DORIS),,1961/7/1 23:00,,,,,,
,1961,196104,貝蒂,6,1961/5/24 18:00,強烈,945,60,300,---,13
,,,(BETTY),,1961/5/27 22:00,,,,,,
,1961,196103,艾麗絲,---,1961/5/19 10:30,中度,985,40,250,---,4
,,,(ALICE),,1961/5/20 23:00,,,,,,
,1960,196018,葛樂禮,---,1960/9/2 13:00,輕度,1002,18,100,---,3
,,,(GLORIA),,1960/9/3 12:00,,,,,,
,1960,196015,艾琳,特殊,1960/8/20 18:00,中度,975,40,150,---,18
,,,(ELAINE),,1960/8/24 23:00,,,,,,
,1960,196014,卡門,---,1960/8/16 00:00,中度,975,35,200,---,10
,,,(CARMEN),,1960/8/20 18:00,,,,,,
,1960,196012,艾妮絲,2,1960/8/13 13:00,輕度,994,25,200,---,6
,,,(AGNES),,1960/8/15 12:00,,,,,,
,1960,196010,佛琴尼,---,1960/8/13 13:00,,---,---,---,---,---
,,,(VIRGINI),,1960/8/15 12:00,,,,,,
,1960,196009,崔絲,1,1960/8/7 00:00,強烈,930,60,300,---,9
,,,(TRIX),,1960/8/9 11:00,,,,,,
,1960,196008,雪莉,2,1960/7/30 00:00,強烈,920,55,250,---,15
,,,(SHIRLEY),,1960/8/2 17:00,,,,,,
,1960,196007,羅絲,---,1960/7/30 00:00,,---,---,---,---,---
,,,(ROSE),,1960/8/2 17:00,,,,,,
,1960,196006,玻莉,---,1960/7/18 13:00,中度,950,40,250,---,12
,,,(POLLY),,1960/7/21 10:00,,,,,,
,1960,196006,玻莉,---,1960/7/22 00:00,強烈,950,55,300,---,13
,,,(POLLY),,1960/7/27 10:00,,,,,,
,1960,196005,歐莉芙,---,1960/6/26 00:00,中度,950,45,200,---,9
,,,(OLIVE),,1960/6/30 00:00,,,,,,
,1960,196004,娜定,---,1960/6/5 00:00,中度,985,35,250,---,4
,,,(NADINE),,1960/6/6 13:00,,,,,,
,1960,196003,瑪麗,9,1960/6/7 01:00,中度,980,35,300,---,11
,,,(MARY),,1960/6/11 12:00,,,,,,
,1960,196001,凱倫,---,1960/4/25 18:00,輕度,990,25,150,---,4
,,,(KAREN),,1960/4/27 00:00,,,,,,
,1959,195921,芙瑞達,6,1959/11/17 12:00,中度,945,40,250,---,9
,,,(FREDA),,1959/11/19 23:00,,,,,,
,1959,195920,鶯瑪,---,1959/11/10 23:00,中度,960,45,250,---,6
,,,(EMMA),,1959/11/13 12:00,,,,,,
,1959,195918,夏綠蒂,---,1959/10/12 11:00,強烈,905,55,250,---,15
,,,(CHARLOTTE),,1959/10/16 23:00,,,,,,
,1959,195917,巴布絲,8,1959/10/8 00:00,輕度,1000,18,150,---,9
,,,(BABS),,1959/10/9 22:00,,,,,,
,1959,195916,愛美,---,1959/10/3 18:00,中度,990,35,250,---,8
,,,(AMY),,1959/10/6 12:00,,,,,,
,1959,195914,莎拉,---,1959/9/14 00:00,強烈,905,60,400,---,11
,,,(SARAH),,1959/9/16 23:00,,,,,,
,1959,195912,娜?,---,1959/9/8 00:00,輕度,990,18,150,---,5
,,,(NORA),,1959/9/9 18:00,,,,,,
,1959,195912,娜?,---,1959/9/11 09:00,輕度,990,25,200,---,4
,,,(NORA),,1959/9/12 12:00,,,,,,
,1959,195911,魯依絲,3,1959/9/2 01:00,中度,965,45,250,---,12
,,,(LOUISE),,1959/9/5 12:00,,,,,,
,1959,195910,凱蒂,---,1959/8/26 18:00,輕度,998,20,150,---,4
,,,(KATE),,1959/8/28 12:00,,,,,,
,1959,195909,瓊安,3,1959/8/28 12:00,強烈,885,75,600,---,13
,,,(JOAN),,1959/8/31 12:00,,,,,,
,1959,195908,艾瑞絲,5,1959/8/20 18:00,中度,960,45,250,---,12
,,,(IRIS),,1959/8/23 12:00,,,,,,
,1959,195906,艾倫,---,1959/8/4 00:00,中度,965,45,300,---,6
,,,(ELLEN),,1959/8/6 00:00,,,,,,
,1959,195905,畢莉,1,1959/7/13 00:00,中度,965,45,300,---,11
,,,(BILLIE),,1959/7/16 18:00,,,,,,
,1959,195904,魏達,---,1959/7/4 23:00,輕度,995,25,150,---,4
,,,(WILDA),,1959/7/6 12:00,,,,,,
,1958,195814,海倫,---,1958/9/12 00:00,強烈,920,55,300,---,8
,,,(HELEN),,1958/9/15 12:00,,,,,,
,1958,195813,葛瑞絲,1,1958/9/1 12:00,強烈,910,75,350,---,13
,,,(GRACE),,1958/9/4 23:00,,,,,,
,1958,195808,貝蒂,---,1958/7/13 12:00,,985,---,---,---,---
,,,(BETTY),,1958/7/16 12:00,,,,,,
,1958,195807,溫妮,3,1958/7/13 12:00,強烈,925,50,350,---,12
,,,(WINNIE),,1958/7/17 00:00,,,,,,
,1958,195805,蒂絲,---,1958/7/5 00:00,中度,995,30,150,---,3
,,,(TESS),,1958/7/6 00:00,,,,,,
,1949,194901,卡門,---,1949/1/11 05:00,,---,---,---,---,---
,,,(CARMEN),,1949/1/15 06:00,,,,,,
,,,,,,,,,,,
政府網站資料開放宣告?|?資訊安全政策?|?隱私權保護政策?|?個人資料保護專區,,,,,,,,,,,
,,,,,,,,,,,
地址：10048臺北市中正區公園路64號 | 電話：(02)2349-1000(代表號) | 網頁問題 : (02)2700-4038,,,,,,,,,,,
,,,,,,,,,,,
最佳瀏覽器版本：建議使用 Google Chrome 48.0.2526、Firefox 40.0.3、Microsoft IE 8.0 以上 最佳解析度：1024*768,,,,,,,,,,,
