"","name","time"
"1","金閣",2
"2","父親",2
"3","父親",7
"4","學校",25
"5","金閣",30
"6","金閣",32
"7","金閣",34
"8","父親",34
"9","金閣",35
"10","金閣",36
"11","父親",36
"12","父親",37
"13","金閣",38
"14","美",38
"15","金閣",40
"16","金閣",43
"17","金閣",48
"18","金閣",50
"19","結巴",65
"20","結巴",68
"21","結巴",70
"22","結巴",72
"23","結巴",82
"24","死",83
"25","結巴",101
"26","存在",116
"27","學校",122
"28","美",141
"29","結巴",168
"30","結巴",176
"31","學校",177
"32","結巴",178
"33","黑暗",198
"34","美",210
"35","學校",211
"36","學校",214
"37","美",229
"38","美",236
"39","有為子",272
"40","有為子",273
"41","女人",279
"42","有為子",281
"43","學校",281
"44","有為子",287
"45","黑暗",292
"46","有為子",293
"47","有為子",298
"48","黑暗",301
"49","黑暗",303
"50","有為子",310
"51","有為子",327
"52","有為子",328
"53","存在",337
"54","黑暗",340
"55","結巴",342
"56","有為子",343
"57","黑暗",347
"58","有為子",348
"59","黑暗",354
"60","有為子",370
"61","黑暗",373
"62","有為子",382
"63","有為子",385
"64","母親",386
"65","有為子",388
"66","死",389
"67","有為子",395
"68","死",395
"69","有為子",403
"70","黑暗",404
"71","存在",406
"72","存在",407
"73","死",408
"74","死",410
"75","有為子",411
"76","學校",422
"77","有為子",433
"78","有為子",440
"79","父親",445
"80","母親",448
"81","有為子",457
"82","有為子",461
"83","有為子",462
"84","有為子",466
"85","拒絕",470
"86","拒絕",471
"87","有為子",472
"88","拒絕",472
"89","拒絕",478
"90","美",488
"91","有為子",489
"92","美",489
"93","拒絕",489
"94","美",494
"95","有為子",495
"96","有為子",500
"97","有為子",504
"98","有為子",508
"99","有為子",517
"100","有為子",518
"101","有為子",555
"102","美",575
"103","美",577
"104","有為子",579
"105","有為子",585
"106","美",587
"107","有為子",590
"108","美",590
"109","有為子",606
"110","有為子",610
"111","拒絕",612
"112","有為子",617
"113","黑暗",618
"114","有為子",620
"115","有為子",624
"116","有為子",625
"117","父親",657
"118","父親",661
"119","父親",665
"120","父親",666
"121","父親",668
"122","金閣",669
"123","金閣",671
"124","父親",672
"125","金閣",675
"126","金閣",678
"127","美",678
"128","金閣",680
"129","美",680
"130","金閣",681
"131","美",681
"132","金閣",683
"133","金閣",684
"134","美",684
"135","金閣",690
"136","金閣",691
"137","金閣",699
"138","金閣",707
"139","美",723
"140","金閣",735
"141","黑暗",736
"142","金閣",737
"143","黑暗",738
"144","美",739
"145","金閣",743
"146","美",743
"147","黑暗",744
"148","美",767
"149","美",768
"150","金閣",772
"151","黑暗",778
"152","美",780
"153","父親",782
"154","美",785
"155","美",787
"156","存在",787
"157","美",789
"158","存在",789
"159","美",790
"160","存在",790
"161","金閣",792
"162","美",795
"163","金閣",798
"164","存在",798
"165","金閣",799
"166","美",801
"167","金閣",804
"168","美",804
"169","金閣",807
"170","美",808
"171","金閣",809
"172","美",809
"173","父親",822
"174","父親",828
"175","父親",840
"176","死",840
"177","死",843
"178","黑暗",847
"179","父親",850
"180","父親",858
"181","父親",862
"182","死",866
"183","美",872
"184","父親",878
"185","金閣",882
"186","父親",883
"187","父親",884
"188","父親",887
"189","父親",890
"190","父親",891
"191","金閣",899
"192","金閣",903
"193","金閣",905
"194","金閣",913
"195","父親",919
"196","美",925
"197","美",928
"198","美",929
"199","美",934
"200","金閣",938
"201","美",938
"202","美",940
"203","金閣",942
"204","美",945
"205","美",946
"206","父親",948
"207","金閣",949
"208","金閣",951
"209","金閣",953
"210","存在",954
"211","金閣",956
"212","金閣",957
"213","父親",960
"214","美",965
"215","美",970
"216","金閣",975
"217","金閣",984
"218","父親",988
"219","父親",989
"220","父親",997
"221","金閣",1003
"222","父親",1010
"223","父親",1011
"224","父親",1013
"225","父親",1031
"226","父親",1043
"227","金閣",1053
"228","美",1058
"229","金閣",1059
"230","父親",1060
"231","父親",1061
"232","黑暗",1062
"233","父親",1063
"234","死",1073
"235","死",1076
"236","死",1077
"237","死",1080
"238","金閣",1085
"239","父親",1085
"240","父親",1087
"241","金閣",1090
"242","金閣",1094
"243","黑暗",1095
"244","父親",1103
"245","父親",1106
"246","金閣",1108
"247","美",1109
"248","金閣",1110
"249","美",1110
"250","美",1111
"251","金閣",1115
"252","金閣",1116
"253","金閣",1121
"254","金閣",1124
"255","美",1124
"256","父親",1126
"257","父親",1128
"258","母親",1130
"259","父親",1131
"260","父親",1132
"261","父親",1136
"262","死",1136
"263","父親",1140
"264","燒",1149
"265","死",1150
"266","死",1155
"267","死",1157
"268","死",1160
"269","死",1161
"270","父親",1164
"271","母親",1166
"272","結巴",1167
"273","父親",1168
"274","父親",1169
"275","存在",1175
"276","存在",1181
"277","死",1182
"278","母親",1187
"279","父親",1191
"280","燒",1230
"281","母親",1265
"282","母親",1266
"283","父親",1271
"284","金閣",1272
"285","學校",1293
"286","金閣",1307
"287","金閣",1315
"288","金閣",1316
"289","金閣",1320
"290","美",1327
"291","金閣",1330
"292","美",1330
"293","美",1332
"294","美",1334
"295","美",1335
"296","金閣",1337
"297","黑暗",1337
"298","美",1340
"299","金閣",1343
"300","死",1345
"301","金閣",1346
"302","美",1346
"303","金閣",1348
"304","黑暗",1349
"305","美",1350
"306","金閣",1355
"307","金閣",1359
"308","金閣",1360
"309","存在",1360
"310","父親",1362
"311","金閣",1363
"312","金閣",1365
"313","金閣",1369
"314","存在",1370
"315","金閣",1373
"316","金閣",1375
"317","存在",1375
"318","金閣",1376
"319","金閣",1379
"320","存在",1379
"321","金閣",1384
"322","金閣",1389
"323","金閣",1395
"324","鶴川",1415
"325","鶴川",1417
"326","金閣",1420
"327","鶴川",1423
"328","鶴川",1446
"329","鶴川",1447
"330","金閣",1456
"331","金閣",1457
"332","父親",1459
"333","鶴川",1460
"334","金閣",1463
"335","父親",1465
"336","金閣",1467
"337","父親",1467
"338","鶴川",1472
"339","父親",1478
"340","鶴川",1488
"341","父親",1492
"342","鶴川",1500
"343","父親",1516
"344","死",1516
"345","鶴川",1528
"346","學校",1553
"347","學校",1555
"348","金閣",1564
"349","老師",1581
"350","老師",1591
"351","老師",1601
"352","老師",1606
"353","金閣",1614
"354","金閣",1619
"355","存在",1619
"356","金閣",1621
"357","金閣",1626
"358","金閣",1628
"359","金閣",1630
"360","美",1630
"361","學校",1631
"362","鶴川",1634
"363","鶴川",1637
"364","腿",1640
"365","鶴川",1646
"366","金閣",1649
"367","金閣",1652
"368","結巴",1655
"369","鶴川",1657
"370","鶴川",1661
"371","金閣",1662
"372","鶴川",1663
"373","結巴",1665
"374","美",1668
"375","美",1675
"376","鶴川",1682
"377","鶴川",1683
"378","鶴川",1690
"379","鶴川",1696
"380","鶴川",1703
"381","存在",1705
"382","鶴川",1709
"383","結巴",1714
"384","存在",1715
"385","金閣",1717
"386","金閣",1721
"387","腿",1723
"388","金閣",1726
"389","存在",1726
"390","金閣",1731
"391","金閣",1734
"392","金閣",1738
"393","黑暗",1738
"394","燒",1743
"395","金閣",1745
"396","金閣",1747
"397","金閣",1748
"398","美",1754
"399","金閣",1755
"400","金閣",1761
"401","金閣",1765
"402","美",1765
"403","金閣",1766
"404","美",1766
"405","金閣",1780
"406","黑暗",1781
"407","拒絕",1782
"408","鶴川",1787
"409","美",1789
"410","金閣",1790
"411","美",1792
"412","金閣",1794
"413","美",1794
"414","金閣",1796
"415","金閣",1798
"416","金閣",1801
"417","美",1803
"418","拒絕",1804
"419","燒",1806
"420","金閣",1807
"421","燒",1807
"422","金閣",1810
"423","金閣",1811
"424","金閣",1815
"425","美",1840
"426","金閣",1841
"427","死",1843
"428","金閣",1844
"429","黑暗",1845
"430","父親",1857
"431","死",1857
"432","母親",1858
"433","美",1861
"434","黑暗",1868
"435","美",1870
"436","黑暗",1873
"437","美",1874
"438","黑暗",1875
"439","鶴川",1880
"440","鶴川",1882
"441","鶴川",1908
"442","美",1912
"443","美",1920
"444","存在",1925
"445","鶴川",1935
"446","黑暗",1952
"447","金閣",1955
"448","金閣",1974
"449","美",1985
"450","美",2010
"451","美",2015
"452","鶴川",2022
"453","拒絕",2071
"454","有為子",2084
"455","父親",2085
"456","母親",2086
"457","父親",2089
"458","母親",2089
"459","母親",2098
"460","母親",2100
"461","母親",2101
"462","母親",2102
"463","燒",2102
"464","母親",2105
"465","母親",2110
"466","父親",2114
"467","父親",2116
"468","父親",2117
"469","母親",2117
"470","黑暗",2146
"471","父親",2148
"472","父親",2149
"473","父親",2152
"474","父親",2154
"475","父親",2155
"476","父親",2162
"477","黑暗",2173
"478","父親",2175
"479","父親",2177
"480","父親",2183
"481","父親",2184
"482","父親",2188
"483","死",2188
"484","父親",2189
"485","母親",2193
"486","金閣",2196
"487","父親",2196
"488","母親",2196
"489","學校",2198
"490","鶴川",2202
"491","母親",2203
"492","母親",2205
"493","母親",2206
"494","鶴川",2206
"495","鶴川",2208
"496","母親",2211
"497","母親",2213
"498","腿",2228
"499","鶴川",2232
"500","母親",2247
"501","老師",2248
"502","鶴川",2249
"503","老師",2252
"504","母親",2253
"505","母親",2255
"506","老師",2257
"507","母親",2262
"508","母親",2270
"509","母親",2272
"510","母親",2277
"511","母親",2279
"512","女人",2284
"513","母親",2286
"514","老師",2288
"515","母親",2289
"516","母親",2294
"517","老師",2296
"518","父親",2298
"519","母親",2298
"520","老師",2301
"521","父親",2302
"522","母親",2305
"523","父親",2308
"524","母親",2316
"525","金閣",2320
"526","老師",2322
"527","母親",2327
"528","母親",2332
"529","母親",2334
"530","母親",2341
"531","母親",2348
"532","結巴",2351
"533","死",2354
"534","母親",2359
"535","結巴",2360
"536","金閣",2363
"537","燒",2363
"538","美",2366
"539","母親",2372
"540","母親",2377
"541","母親",2379
"542","母親",2381
"543","金閣",2382
"544","美",2382
"545","母親",2382
"546","金閣",2387
"547","母親",2391
"548","父親",2393
"549","母親",2394
"550","金閣",2401
"551","金閣",2404
"552","母親",2405
"553","燒",2420
"554","腿",2422
"555","金閣",2430
"556","金閣",2432
"557","金閣",2445
"558","金閣",2448
"559","金閣",2450
"560","金閣",2454
"561","金閣",2457
"562","金閣",2460
"563","金閣",2463
"564","金閣",2466
"565","燒",2468
"566","金閣",2472
"567","金閣",2476
"568","美",2476
"569","美",2477
"570","金閣",2482
"571","美",2482
"572","拒絕",2483
"573","美",2484
"574","金閣",2490
"575","金閣",2496
"576","存在",2498
"577","金閣",2500
"578","金閣",2503
"579","存在",2503
"580","美",2505
"581","存在",2507
"582","金閣",2514
"583","存在",2514
"584","老師",2530
"585","老師",2540
"586","老師",2542
"587","老師",2583
"588","老師",2595
"589","老師",2598
"590","鶴川",2601
"591","鶴川",2602
"592","老師",2610
"593","老師",2616
"594","母親",2619
"595","老師",2620
"596","老師",2621
"597","老師",2625
"598","老師",2627
"599","老師",2628
"600","女人",2631
"601","老師",2637
"602","老師",2643
"603","老師",2658
"604","鶴川",2670
"605","鶴川",2676
"606","父親",2679
"607","鶴川",2680
"608","死",2693
"609","老師",2717
"610","老師",2720
"611","死",2720
"612","鶴川",2723
"613","鶴川",2732
"614","鶴川",2736
"615","燒",2743
"616","燒",2744
"617","鶴川",2750
"618","黑暗",2756
"619","有為子",2764
"620","有為子",2765
"621","死",2816
"622","黑暗",2823
"623","金閣",2825
"624","老師",2827
"625","金閣",2829
"626","腿",2830
"627","金閣",2832
"628","金閣",2836
"629","美",2840
"630","鶴川",2845
"631","學校",2853
"632","金閣",2855
"633","金閣",2877
"634","美",2877
"635","結巴",2885
"636","金閣",2892
"637","金閣",2893
"638","金閣",2905
"639","鶴川",2930
"640","結巴",2932
"641","美",2934
"642","黑暗",2956
"643","女人",2965
"644","女人",2970
"645","女人",2977
"646","女人",2981
"647","女人",2992
"648","女人",2994
"649","美",2995
"650","有為子",2996
"651","有為子",2998
"652","有為子",3000
"653","美",3001
"654","美",3004
"655","有為子",3005
"656","女人",3005
"657","美",3015
"658","女人",3015
"659","美",3016
"660","女人",3020
"661","女人",3021
"662","美",3026
"663","金閣",3035
"664","美",3036
"665","美",3040
"666","金閣",3045
"667","女人",3051
"668","存在",3054
"669","美",3056
"670","女人",3056
"671","腿",3058
"672","金閣",3061
"673","女人",3062
"674","美",3063
"675","腿",3063
"676","女人",3064
"677","美",3065
"678","女人",3065
"679","女人",3068
"680","女人",3071
"681","腿",3074
"682","女人",3075
"683","女人",3078
"684","美",3080
"685","腿",3082
"686","金閣",3094
"687","美",3104
"688","美",3109
"689","女人",3112
"690","女人",3113
"691","女人",3122
"692","女人",3123
"693","美",3128
"694","女人",3130
"695","女人",3133
"696","女人",3135
"697","美",3137
"698","女人",3137
"699","拒絕",3141
"700","美",3142
"701","燒",3145
"702","老師",3153
"703","老師",3161
"704","老師",3162
"705","老師",3168
"706","老師",3173
"707","老師",3181
"708","老師",3184
"709","老師",3185
"710","老師",3186
"711","老師",3191
"712","老師",3193
"713","老師",3194
"714","老師",3197
"715","老師",3199
"716","老師",3206
"717","鶴川",3212
"718","老師",3215
"719","老師",3220
"720","老師",3224
"721","學校",3226
"722","鶴川",3237
"723","鶴川",3239
"724","鶴川",3244
"725","鶴川",3252
"726","女人",3260
"727","老師",3262
"728","女人",3263
"729","女人",3265
"730","金閣",3267
"731","美",3267
"732","美",3268
"733","美",3269
"734","老師",3275
"735","老師",3277
"736","老師",3281
"737","鶴川",3291
"738","鶴川",3292
"739","鶴川",3299
"740","鶴川",3306
"741","結巴",3312
"742","女人",3328
"743","老師",3333
"744","老師",3334
"745","鶴川",3338
"746","老師",3340
"747","鶴川",3341
"748","老師",3343
"749","老師",3350
"750","老師",3355
"751","老師",3357
"752","老師",3359
"753","老師",3374
"754","老師",3389
"755","女人",3394
"756","女人",3400
"757","女人",3404
"758","美",3406
"759","老師",3407
"760","美",3408
"761","女人",3417
"762","女人",3418
"763","老師",3429
"764","老師",3431
"765","老師",3435
"766","老師",3436
"767","老師",3441
"768","老師",3443
"769","存在",3446
"770","存在",3448
"771","老師",3451
"772","老師",3453
"773","老師",3455
"774","老師",3458
"775","黑暗",3465
"776","老師",3488
"777","老師",3490
"778","老師",3503
"779","老師",3504
"780","燒",3523
"781","母親",3525
"782","老師",3535
"783","老師",3541
"784","黑暗",3542
"785","燒",3543
"786","老師",3546
"787","老師",3549
"788","老師",3551
"789","老師",3570
"790","鶴川",3570
"791","老師",3578
"792","學校",3623
"793","學校",3629
"794","鶴川",3633
"795","鶴川",3635
"796","鶴川",3636
"797","結巴",3643
"798","鶴川",3644
"799","拒絕",3658
"800","柏木",3659
"801","柏木",3660
"802","腿",3660
"803","柏木",3670
"804","腿",3672
"805","柏木",3674
"806","柏木",3687
"807","美",3690
"808","美",3691
"809","美",3692
"810","美",3693
"811","女人",3693
"812","存在",3694
"813","存在",3696
"814","柏木",3698
"815","存在",3706
"816","柏木",3716
"817","結巴",3725
"818","結巴",3730
"819","柏木",3732
"820","結巴",3750
"821","結巴",3751
"822","柏木",3752
"823","結巴",3754
"824","柏木",3761
"825","美",3765
"826","女人",3766
"827","女人",3767
"828","腿",3776
"829","存在",3789
"830","存在",3802
"831","女人",3804
"832","存在",3805
"833","存在",3807
"834","美",3812
"835","女人",3817
"836","腿",3827
"837","存在",3828
"838","存在",3841
"839","存在",3843
"840","美",3856
"841","美",3867
"842","女人",3867
"843","拒絕",3871
"844","美",3913
"845","美",3915
"846","腿",3915
"847","美",3918
"848","腿",3932
"849","腿",3934
"850","腿",3937
"851","腿",3941
"852","存在",3941
"853","存在",3944
"854","美",3960
"855","腿",3968
"856","美",3973
"857","存在",3992
"858","存在",4003
"859","腿",4016
"860","腿",4017
"861","腿",4018
"862","存在",4020
"863","存在",4031
"864","美",4033
"865","存在",4033
"866","腿",4044
"867","存在",4046
"868","存在",4048
"869","存在",4049
"870","父親",4055
"871","腿",4063
"872","母親",4069
"873","女人",4071
"874","死",4077
"875","腿",4088
"876","美",4099
"877","腿",4099
"878","女人",4131
"879","黑暗",4140
"880","美",4142
"881","美",4147
"882","腿",4149
"883","女人",4169
"884","腿",4169
"885","女人",4176
"886","腿",4176
"887","美",4180
"888","腿",4180
"889","存在",4198
"890","柏木",4200
"891","柏木",4205
"892","結巴",4216
"893","柏木",4220
"894","柏木",4230
"895","柏木",4241
"896","柏木",4246
"897","學校",4248
"898","柏木",4250
"899","柏木",4288
"900","柏木",4289
"901","柏木",4309
"902","死",4320
"903","死",4321
"904","死",4322
"905","死",4323
"906","死",4342
"907","女人",4358
"908","女人",4361
"909","腿",4361
"910","女人",4362
"911","腿",4363
"912","女人",4366
"913","女人",4369
"914","腿",4369
"915","美",4370
"916","女人",4370
"917","柏木",4385
"918","柏木",4389
"919","女人",4389
"920","腿",4389
"921","柏木",4393
"922","柏木",4399
"923","腿",4401
"924","柏木",4408
"925","存在",4412
"926","存在",4414
"927","柏木",4422
"928","女人",4429
"929","柏木",4432
"930","腿",4438
"931","柏木",4447
"932","柏木",4449
"933","有為子",4452
"934","柏木",4457
"935","柏木",4471
"936","柏木",4476
"937","金閣",4484
"938","柏木",4488
"939","柏木",4491
"940","學校",4493
"941","金閣",4503
"942","金閣",4506
"943","金閣",4510
"944","美",4513
"945","金閣",4518
"946","存在",4524
"947","金閣",4528
"948","金閣",4531
"949","拒絕",4531
"950","美",4532
"951","金閣",4536
"952","美",4539
"953","柏木",4544
"954","柏木",4547
"955","金閣",4552
"956","美",4552
"957","柏木",4562
"958","存在",4563
"959","美",4574
"960","柏木",4580
"961","腿",4587
"962","學校",4590
"963","柏木",4591
"964","柏木",4599
"965","柏木",4603
"966","柏木",4609
"967","柏木",4616
"968","腿",4629
"969","腿",4630
"970","腿",4632
"971","腿",4638
"972","柏木",4645
"973","鶴川",4645
"974","鶴川",4651
"975","柏木",4653
"976","鶴川",4654
"977","柏木",4659
"978","柏木",4662
"979","鶴川",4669
"980","柏木",4683
"981","柏木",4697
"982","美",4703
"983","柏木",4708
"984","死",4722
"985","母親",4726
"986","死",4730
"987","美",4734
"988","鶴川",4737
"989","柏木",4792
"990","死",4792
"991","柏木",4794
"992","柏木",4800
"993","死",4808
"994","柏木",4815
"995","死",4817
"996","美",4822
"997","美",4839
"998","美",4861
"999","柏木",4863
"1000","美",4865
"1001","美",4877
"1002","柏木",4903
"1003","柏木",4913
"1004","柏木",4915
"1005","柏木",4918
"1006","腿",4918
"1007","柏木",4920
"1008","柏木",4929
"1009","存在",4929
"1010","柏木",4943
"1011","腿",4943
"1012","柏木",4950
"1013","柏木",4967
"1014","腿",4967
"1015","柏木",4981
"1016","柏木",4992
"1017","美",4997
"1018","柏木",4997
"1019","柏木",4998
"1020","柏木",5005
"1021","結巴",5007
"1022","結巴",5008
"1023","結巴",5010
"1024","結巴",5011
"1025","柏木",5030
"1026","柏木",5031
"1027","結巴",5038
"1028","柏木",5041
"1029","腿",5049
"1030","腿",5051
"1031","柏木",5056
"1032","美",5057
"1033","柏木",5057
"1034","美",5060
"1035","拒絕",5060
"1036","存在",5060
"1037","結巴",5068
"1038","柏木",5078
"1039","柏木",5083
"1040","黑暗",5083
"1041","柏木",5100
"1042","存在",5117
"1043","結巴",5132
"1044","結巴",5135
"1045","金閣",5142
"1046","金閣",5145
"1047","金閣",5158
"1048","金閣",5165
"1049","拒絕",5165
"1050","拒絕",5166
"1051","美",5167
"1052","美",5169
"1053","死",5170
"1054","金閣",5177
"1055","金閣",5183
"1056","金閣",5186
"1057","美",5187
"1058","存在",5187
"1059","美",5188
"1060","金閣",5191
"1061","金閣",5194
"1062","存在",5195
"1063","金閣",5198
"1064","老師",5220
"1065","老師",5221
"1066","鶴川",5222
"1067","死",5222
"1068","死",5224
"1069","鶴川",5226
"1070","死",5234
"1071","父親",5235
"1072","死",5235
"1073","鶴川",5236
"1074","死",5236
"1075","柏木",5237
"1076","鶴川",5238
"1077","死",5242
"1078","老師",5248
"1079","母親",5249
"1080","母親",5252
"1081","父親",5253
"1082","死",5253
"1083","鶴川",5254
"1084","死",5256
"1085","燒",5258
"1086","死",5263
"1087","鶴川",5266
"1088","死",5267
"1089","死",5273
"1090","死",5278
"1091","死",5280
"1092","死",5283
"1093","死",5286
"1094","鶴川",5288
"1095","鶴川",5309
"1096","存在",5313
"1097","鶴川",5330
"1098","存在",5330
"1099","鶴川",5348
"1100","柏木",5362
"1101","柏木",5363
"1102","鶴川",5367
"1103","母親",5368
"1104","母親",5372
"1105","母親",5374
"1106","死",5378
"1107","母親",5382
"1108","金閣",5387
"1109","金閣",5390
"1110","金閣",5393
"1111","金閣",5401
"1112","金閣",5404
"1113","金閣",5417
"1114","金閣",5419
"1115","黑暗",5419
"1116","金閣",5426
"1117","金閣",5427
"1118","金閣",5428
"1119","金閣",5430
"1120","金閣",5446
"1121","金閣",5447
"1122","金閣",5449
"1123","金閣",5454
"1124","存在",5454
"1125","美",5456
"1126","美",5457
"1127","美",5460
"1128","柏木",5461
"1129","結巴",5461
"1130","結巴",5462
"1131","金閣",5486
"1132","鶴川",5514
"1133","學校",5523
"1134","金閣",5542
"1135","美",5542
"1136","老師",5557
"1137","金閣",5573
"1138","柏木",5588
"1139","腿",5596
"1140","結巴",5602
"1141","鶴川",5604
"1142","柏木",5607
"1143","柏木",5613
"1144","柏木",5636
"1145","金閣",5641
"1146","老師",5644
"1147","金閣",5648
"1148","柏木",5649
"1149","金閣",5651
"1150","柏木",5653
"1151","金閣",5660
"1152","柏木",5662
"1153","柏木",5666
"1154","美",5669
"1155","柏木",5669
"1156","美",5671
"1157","柏木",5680
"1158","柏木",5694
"1159","結巴",5694
"1160","結巴",5697
"1161","存在",5699
"1162","柏木",5703
"1163","美",5706
"1164","柏木",5707
"1165","腿",5707
"1166","美",5708
"1167","美",5714
"1168","柏木",5714
"1169","柏木",5717
"1170","美",5718
"1171","金閣",5721
"1172","美",5724
"1173","美",5725
"1174","美",5729
"1175","金閣",5730
"1176","美",5730
"1177","柏木",5731
"1178","存在",5734
"1179","美",5735
"1180","美",5740
"1181","腿",5741
"1182","美",5744
"1183","柏木",5744
"1184","美",5745
"1185","美",5747
"1186","柏木",5749
"1187","柏木",5758
"1188","美",5759
"1189","柏木",5765
"1190","柏木",5770
"1191","柏木",5772
"1192","柏木",5773
"1193","老師",5805
"1194","金閣",5814
"1195","美",5819
"1196","柏木",5833
"1197","柏木",5839
"1198","柏木",5845
"1199","柏木",5853
"1200","金閣",5855
"1201","結巴",5857
"1202","結巴",5858
"1203","柏木",5891
"1204","柏木",5896
"1205","老師",5901
"1206","柏木",5903
"1207","美",5918
"1208","美",5921
"1209","美",5924
"1210","美",5928
"1211","美",5930
"1212","存在",5937
"1213","存在",5944
"1214","死",5946
"1215","存在",5948
"1216","存在",5951
"1217","美",5960
"1218","美",5962
"1219","美",5964
"1220","死",5965
"1221","美",5966
"1222","死",5966
"1223","柏木",5972
"1224","柏木",5976
"1225","柏木",5989
"1226","美",6001
"1227","美",6023
"1228","死",6037
"1229","死",6038
"1230","女人",6040
"1231","鶴川",6049
"1232","柏木",6051
"1233","柏木",6058
"1234","美",6059
"1235","柏木",6060
"1236","腿",6060
"1237","柏木",6062
"1238","有為子",6067
"1239","女人",6068
"1240","柏木",6070
"1241","柏木",6076
"1242","柏木",6078
"1243","女人",6080
"1244","女人",6082
"1245","女人",6084
"1246","柏木",6085
"1247","美",6091
"1248","美",6092
"1249","柏木",6093
"1250","柏木",6099
"1251","女人",6099
"1252","女人",6102
"1253","柏木",6117
"1254","女人",6117
"1255","柏木",6120
"1256","女人",6123
"1257","柏木",6125
"1258","柏木",6132
"1259","女人",6133
"1260","腿",6135
"1261","女人",6140
"1262","柏木",6146
"1263","柏木",6148
"1264","女人",6150
"1265","腿",6152
"1266","鶴川",6153
"1267","死",6153
"1268","黑暗",6156
"1269","黑暗",6163
"1270","女人",6164
"1271","女人",6167
"1272","女人",6171
"1273","死",6177
"1274","死",6182
"1275","女人",6185
"1276","女人",6190
"1277","結巴",6214
"1278","柏木",6248
"1279","存在",6271
"1280","美",6284
"1281","美",6285
"1282","美",6290
"1283","美",6292
"1284","金閣",6298
"1285","金閣",6300
"1286","金閣",6303
"1287","黑暗",6304
"1288","金閣",6306
"1289","黑暗",6310
"1290","黑暗",6311
"1291","女人",6319
"1292","金閣",6325
"1293","金閣",6336
"1294","金閣",6340
"1295","金閣",6342
"1296","老師",6356
"1297","金閣",6368
"1298","金閣",6372
"1299","金閣",6373
"1300","金閣",6377
"1301","黑暗",6379
"1302","金閣",6381
"1303","死",6395
"1304","金閣",6403
"1305","黑暗",6407
"1306","美",6418
"1307","金閣",6431
"1308","柏木",6433
"1309","柏木",6443
"1310","金閣",6447
"1311","金閣",6451
"1312","金閣",6454
"1313","金閣",6456
"1314","金閣",6458
"1315","金閣",6461
"1316","女人",6466
"1317","柏木",6471
"1318","金閣",6474
"1319","女人",6474
"1320","金閣",6486
"1321","美",6486
"1322","金閣",6487
"1323","存在",6494
"1324","美",6507
"1325","金閣",6521
"1326","金閣",6526
"1327","金閣",6528
"1328","死",6536
"1329","美",6539
"1330","金閣",6547
"1331","金閣",6549
"1332","金閣",6552
"1333","美",6553
"1334","金閣",6555
"1335","鶴川",6556
"1336","死",6556
"1337","女人",6575
"1338","老師",6580
"1339","老師",6586
"1340","老師",6587
"1341","美",6591
"1342","女人",6591
"1343","黑暗",6608
"1344","黑暗",6612
"1345","黑暗",6630
"1346","女人",6638
"1347","女人",6640
"1348","老師",6643
"1349","老師",6644
"1350","女人",6644
"1351","老師",6647
"1352","女人",6648
"1353","老師",6655
"1354","老師",6659
"1355","老師",6664
"1356","老師",6670
"1357","老師",6672
"1358","老師",6676
"1359","母親",6678
"1360","老師",6683
"1361","老師",6692
"1362","老師",6698
"1363","老師",6701
"1364","存在",6701
"1365","老師",6704
"1366","死",6710
"1367","鶴川",6713
"1368","老師",6717
"1369","老師",6719
"1370","老師",6753
"1371","老師",6764
"1372","結巴",6769
"1373","美",6772
"1374","結巴",6772
"1375","老師",6777
"1376","老師",6786
"1377","老師",6790
"1378","老師",6791
"1379","老師",6795
"1380","老師",6804
"1381","女人",6806
"1382","女人",6811
"1383","老師",6813
"1384","女人",6814
"1385","老師",6816
"1386","老師",6829
"1387","老師",6836
"1388","柏木",6837
"1389","學校",6837
"1390","柏木",6838
"1391","女人",6842
"1392","美",6847
"1393","女人",6857
"1394","老師",6865
"1395","老師",6871
"1396","老師",6893
"1397","老師",6899
"1398","老師",6902
"1399","老師",6911
"1400","老師",6913
"1401","鶴川",6916
"1402","老師",6918
"1403","老師",6925
"1404","金閣",6927
"1405","金閣",6929
"1406","老師",6930
"1407","老師",6933
"1408","老師",6945
"1409","柏木",6947
"1410","老師",6955
"1411","老師",6956
"1412","老師",6958
"1413","美",6963
"1414","老師",6963
"1415","老師",6970
"1416","老師",6979
"1417","老師",6981
"1418","老師",6985
"1419","老師",6991
"1420","老師",6992
"1421","老師",6995
"1422","老師",6999
"1423","老師",7011
"1424","學校",7013
"1425","老師",7018
"1426","老師",7023
"1427","老師",7027
"1428","老師",7033
"1429","女人",7037
"1430","金閣",7040
"1431","金閣",7042
"1432","金閣",7046
"1433","女人",7054
"1434","父親",7069
"1435","老師",7078
"1436","老師",7082
"1437","老師",7095
"1438","老師",7098
"1439","老師",7115
"1440","老師",7118
"1441","學校",7121
"1442","老師",7123
"1443","老師",7128
"1444","老師",7131
"1445","學校",7158
"1446","存在",7160
"1447","死",7187
"1448","老師",7199
"1449","老師",7206
"1450","老師",7209
"1451","老師",7210
"1452","老師",7214
"1453","老師",7217
"1454","存在",7223
"1455","老師",7238
"1456","結巴",7244
"1457","老師",7250
"1458","老師",7253
"1459","女人",7254
"1460","老師",7263
"1461","柏木",7266
"1462","學校",7268
"1463","柏木",7273
"1464","柏木",7278
"1465","父親",7282
"1466","父親",7288
"1467","柏木",7294
"1468","女人",7295
"1469","柏木",7298
"1470","柏木",7303
"1471","柏木",7309
"1472","柏木",7311
"1473","柏木",7314
"1474","柏木",7315
"1475","老師",7321
"1476","金閣",7323
"1477","金閣",7325
"1478","金閣",7326
"1479","金閣",7327
"1480","柏木",7331
"1481","柏木",7332
"1482","柏木",7334
"1483","柏木",7340
"1484","柏木",7346
"1485","柏木",7353
"1486","柏木",7360
"1487","女人",7417
"1488","女人",7428
"1489","女人",7430
"1490","燒",7434
"1491","金閣",7469
"1492","美",7480
"1493","結巴",7482
"1494","存在",7483
"1495","黑暗",7485
"1496","父親",7534
"1497","有為子",7559
"1498","父親",7559
"1499","鶴川",7559
"1500","金閣",7589
"1501","金閣",7591
"1502","金閣",7592
"1503","金閣",7595
"1504","學校",7623
"1505","老師",7630
"1506","老師",7636
"1507","存在",7644
"1508","存在",7667
"1509","美",7683
"1510","美",7691
"1511","死",7691
"1512","死",7791
"1513","黑暗",7869
"1514","柏木",7870
"1515","存在",7881
"1516","柏木",7886
"1517","金閣",7902
"1518","燒",7902
"1519","女人",7939
"1520","女人",7947
"1521","燒",7962
"1522","老師",7963
"1523","老師",7964
"1524","老師",7967
"1525","黑暗",7968
"1526","金閣",7970
"1527","存在",7977
"1528","金閣",7980
"1529","美",7980
"1530","死",7981
"1531","金閣",7982
"1532","金閣",7985
"1533","燒",7985
"1534","美",7988
"1535","金閣",7991
"1536","燒",7991
"1537","金閣",7995
"1538","金閣",8032
"1539","存在",8032
"1540","金閣",8033
"1541","存在",8033
"1542","金閣",8038
"1543","金閣",8075
"1544","燒",8075
"1545","女人",8089
"1546","金閣",8099
"1547","燒",8099
"1548","黑暗",8104
"1549","金閣",8106
"1550","燒",8106
"1551","母親",8125
"1552","母親",8126
"1553","母親",8130
"1554","母親",8134
"1555","母親",8136
"1556","黑暗",8138
"1557","母親",8145
"1558","母親",8147
"1559","老師",8148
"1560","母親",8149
"1561","母親",8150
"1562","母親",8153
"1563","母親",8159
"1564","母親",8160
"1565","母親",8164
"1566","母親",8169
"1567","母親",8173
"1568","母親",8174
"1569","死",8175
"1570","母親",8185
"1571","母親",8188
"1572","母親",8196
"1573","死",8212
"1574","死",8214
"1575","母親",8218
"1576","母親",8219
"1577","母親",8220
"1578","母親",8222
"1579","母親",8223
"1580","柏木",8238
"1581","柏木",8242
"1582","金閣",8254
"1583","燒",8254
"1584","死",8256
"1585","老師",8262
"1586","母親",8263
"1587","父親",8279
"1588","金閣",8280
"1589","金閣",8282
"1590","美",8282
"1591","老師",8299
"1592","美",8301
"1593","美",8341
"1594","美",8443
"1595","金閣",8479
"1596","金閣",8492
"1597","柏木",8496
"1598","腿",8500
"1599","腿",8501
"1600","柏木",8504
"1601","柏木",8507
"1602","美",8524
"1603","柏木",8525
"1604","柏木",8532
"1605","柏木",8537
"1606","柏木",8552
"1607","結巴",8555
"1608","結巴",8558
"1609","學校",8563
"1610","柏木",8571
"1611","腿",8574
"1612","腿",8576
"1613","柏木",8577
"1614","腿",8583
"1615","柏木",8584
"1616","老師",8604
"1617","黑暗",8611
"1618","金閣",8620
"1619","老師",8625
"1620","老師",8628
"1621","柏木",8628
"1622","老師",8631
"1623","老師",8637
"1624","老師",8645
"1625","老師",8656
"1626","柏木",8658
"1627","柏木",8662
"1628","老師",8673
"1629","老師",8674
"1630","老師",8675
"1631","老師",8678
"1632","柏木",8680
"1633","老師",8681
"1634","柏木",8683
"1635","黑暗",8695
"1636","老師",8714
"1637","柏木",8714
"1638","柏木",8718
"1639","柏木",8726
"1640","老師",8743
"1641","柏木",8752
"1642","柏木",8755
"1643","結巴",8766
"1644","學校",8780
"1645","柏木",8784
"1646","柏木",8793
"1647","鶴川",8795
"1648","鶴川",8796
"1649","死",8807
"1650","柏木",8809
"1651","柏木",8812
"1652","鶴川",8813
"1653","鶴川",8817
"1654","柏木",8819
"1655","柏木",8820
"1656","柏木",8821
"1657","鶴川",8831
"1658","鶴川",8835
"1659","存在",8836
"1660","鶴川",8838
"1661","柏木",8850
"1662","死",8855
"1663","柏木",8857
"1664","結巴",8857
"1665","死",8860
"1666","死",8862
"1667","柏木",8866
"1668","鶴川",8871
"1669","柏木",8872
"1670","鶴川",8878
"1671","死",8880
"1672","柏木",8887
"1673","柏木",8898
"1674","死",8922
"1675","柏木",8929
"1676","美",8933
"1677","美",8936
"1678","美",8939
"1679","死",8941
"1680","美",8947
"1681","存在",8954
"1682","美",8958
"1683","美",8959
"1684","美",8969
"1685","女人",8970
"1686","美",8972
"1687","美",8978
"1688","結巴",8979
"1689","結巴",8984
"1690","美",8985
"1691","美",8986
"1692","美",8989
"1693","柏木",8990
"1694","老師",9004
"1695","柏木",9009
"1696","老師",9010
"1697","學校",9013
"1698","老師",9017
"1699","老師",9018
"1700","學校",9020
"1701","老師",9021
"1702","老師",9022
"1703","老師",9024
"1704","存在",9025
"1705","老師",9033
"1706","老師",9041
"1707","美",9064
"1708","金閣",9082
"1709","金閣",9091
"1710","女人",9091
"1711","女人",9093
"1712","美",9101
"1713","女人",9106
"1714","結巴",9119
"1715","柏木",9120
"1716","女人",9123
"1717","金閣",9129
"1718","金閣",9130
"1719","黑暗",9138
"1720","有為子",9140
"1721","金閣",9143
"1722","燒",9143
"1723","死",9149
"1724","金閣",9151
"1725","燒",9151
"1726","死",9152
"1727","死",9161
"1728","死",9162
"1729","死",9164
"1730","死",9171
"1731","老師",9211
"1732","老師",9215
"1733","有為子",9226
"1734","女人",9230
"1735","腿",9236
"1736","有為子",9237
"1737","女人",9240
"1738","腿",9240
"1739","女人",9245
"1740","有為子",9247
"1741","女人",9253
"1742","美",9254
"1743","女人",9257
"1744","腿",9257
"1745","女人",9262
"1746","有為子",9267
"1747","有為子",9275
"1748","拒絕",9277
"1749","有為子",9279
"1750","死",9280
"1751","女人",9290
"1752","女人",9291
"1753","女人",9295
"1754","女人",9297
"1755","女人",9311
"1756","女人",9315
"1757","腿",9317
"1758","女人",9329
"1759","腿",9356
"1760","女人",9365
"1761","存在",9382
"1762","結巴",9390
"1763","女人",9407
"1764","金閣",9410
"1765","金閣",9420
"1766","女人",9436
"1767","存在",9444
"1768","有為子",9454
"1769","女人",9462
"1770","女人",9470
"1771","老師",9486
"1772","女人",9498
"1773","女人",9506
"1774","女人",9584
"1775","柏木",9591
"1776","柏木",9592
"1777","女人",9592
"1778","死",9624
"1779","老師",9630
"1780","老師",9634
"1781","老師",9637
"1782","老師",9639
"1783","老師",9640
"1784","老師",9644
"1785","老師",9647
"1786","老師",9649
"1787","金閣",9651
"1788","老師",9651
"1789","老師",9652
"1790","老師",9654
"1791","金閣",9668
"1792","拒絕",9680
"1793","老師",9689
"1794","老師",9691
"1795","老師",9704
"1796","老師",9709
"1797","老師",9714
"1798","老師",9720
"1799","老師",9726
"1800","老師",9733
"1801","老師",9736
"1802","老師",9746
"1803","老師",9748
"1804","老師",9750
"1805","老師",9755
"1806","拒絕",9756
"1807","老師",9759
"1808","老師",9763
"1809","老師",9765
"1810","老師",9772
"1811","老師",9779
"1812","老師",9783
"1813","老師",9788
"1814","老師",9790
"1815","老師",9798
"1816","金閣",9808
"1817","金閣",9809
"1818","金閣",9812
"1819","金閣",9817
"1820","金閣",9819
"1821","老師",9834
"1822","死",9857
"1823","死",9869
"1824","死",9891
"1825","存在",9895
"1826","金閣",9897
"1827","金閣",9898
"1828","金閣",9925
"1829","金閣",9982
"1830","老師",10017
"1831","老師",10018
"1832","老師",10020
"1833","父親",10021
"1834","老師",10022
"1835","老師",10024
"1836","父親",10028
"1837","父親",10029
"1838","老師",10037
"1839","腿",10040
"1840","黑暗",10051
"1841","老師",10063
"1842","父親",10064
"1843","老師",10086
"1844","死",10168
"1845","老師",10188
"1846","老師",10191
"1847","老師",10194
"1848","結巴",10205
"1849","黑暗",10226
"1850","黑暗",10228
"1851","燒",10260
"1852","燒",10265
"1853","燒",10271
"1854","金閣",10274
"1855","金閣",10282
"1856","金閣",10284
"1857","黑暗",10284
"1858","金閣",10287
"1859","金閣",10289
"1860","金閣",10291
"1861","金閣",10292
"1862","黑暗",10296
"1863","金閣",10329
"1864","死",10338
"1865","金閣",10339
"1866","金閣",10351
"1867","金閣",10404
"1868","黑暗",10405
"1869","金閣",10406
"1870","美",10414
"1871","黑暗",10415
"1872","黑暗",10417
"1873","美",10418
"1874","美",10420
"1875","黑暗",10420
"1876","金閣",10422
"1877","金閣",10424
"1878","金閣",10427
"1879","金閣",10430
"1880","黑暗",10444
"1881","美",10451
"1882","金閣",10455
"1883","金閣",10463
"1884","金閣",10468
"1885","美",10469
"1886","金閣",10476
"1887","美",10478
"1888","金閣",10483
"1889","美",10483
"1890","美",10484
"1891","美",10485
"1892","金閣",10487
"1893","金閣",10488
"1894","美",10490
"1895","美",10493
"1896","美",10496
"1897","美",10497
"1898","美",10499
"1899","美",10500
"1900","美",10504
"1901","美",10507
"1902","存在",10507
"1903","金閣",10508
"1904","美",10512
"1905","美",10513
"1906","死",10518
"1907","金閣",10521
"1908","美",10521
"1909","美",10522
"1910","金閣",10524
"1911","美",10524
"1912","金閣",10529
"1913","黑暗",10529
"1914","金閣",10538
"1915","金閣",10544
"1916","金閣",10545
"1917","美",10545
"1918","美",10547
"1919","柏木",10559
"1920","燒",10594
"1921","金閣",10597
"1922","黑暗",10602
"1923","死",10610
"1924","金閣",10646
"1925","金閣",10647
"1926","黑暗",10648
"1927","金閣",10654
"1928","金閣",10656
"1929","黑暗",10659
"1930","金閣",10661
"1931","燒",10686
"1932","燒",10695
"1933","死",10707
"1934","燒",10749
"1935","拒絕",10755
"1936","腿",10762
"1937","金閣",10778
"1938","金閣",10788
"1939","金閣",10792
"1940","金閣",10795
"1941","腿",10796
"1942","燒",10800
